feature1,feature2,cluster
2.2483570765056164,1.930867849414408,1
2.3238442690503462,2.761514928204013,1
1.882923312638332,1.8829315215254097,1
2.789606407753696,2.3837173645764542,1
1.765262807032524,2.2712800217929825,1
1.7682911535937689,1.7671351232148715,1
2.1209811357830173,1.043359877671101,1
1.1375410837434836,1.7188562353795136,1
1.4935844398327882,2.157123666297637,1
1.5459879622393946,1.293848149332354,1
2.732824384460777,1.887111849756732,1
2.033764102343962,1.2876259068932716,1
1.727808637737409,2.055461294854933,1
1.4245032112888487,2.187849009172836,1
1.6996806550405976,1.8541531251033616,1
1.6991466938853017,2.926139092254469,1
1.993251387631033,1.4711445355220498,1
2.4112724560515946,1.3895781750144889,1
2.104431797502378,1.020164938060112,1
1.3359069755507846,2.0984306179345618,1
2.3692332899977053,2.085684140594985,1
1.94217585880588,1.849448152205356,1
1.2607390048162863,1.6400778958026456,1
1.7696806145201065,2.5285611131094576,1
2.1718091447842305,1.118479922318633,1
2.1620419846973977,1.8074588597918413,1
1.6615389998470207,2.305838144420434,1
2.5154997612479755,2.4656400595580994,1
1.580391238388681,1.845393812074393,1
2.165631715701782,2.48777256356118,1
1.760412881077355,1.907170511668092,1
1.446832512996986,1.4018966879596646,1
2.406262911197099,2.678120014285412,1
1.963994939209833,2.501766448946012,1
2.180818012523817,1.6774401226974378,1
2.180697802754207,2.7690182832329846,1
1.9820869804450243,2.782321827907003,1
0.6901274479551278,2.410951252187612,1
2.043523534119086,1.8504963247670665,1
2.045880388267751,1.0062155426995536,1
1.890164056081244,2.178556285755873,1
2.738947022370758,1.7408648908631763,1
1.595753198553406,1.7491214782077318,1
2.457701058851037,2.1643755548298422,1
1.7351198981164806,2.256633716556678,1
2.04853877467402,2.4843224952664444,1
1.6489734530613238,1.836168926701116,1
1.8039459234339208,1.2682425259339407,1
2.148060138532288,2.130527636089945,1
2.0025567283212307,1.8827064333124264,1
1.2923146289747929,1.7896773386173206,1
1.828642741736616,1.5988613653891903,1
1.919357144166996,2.202025428407269,1
2.943092950605265,2.08728890641592,1
2.1287751953613823,1.9627770421169164,1
1.0406143923504794,1.986743062275392,1
2.030115104970513,3.231621056242643,1
1.9038195176094388,2.150773671166806,1
1.9826441151473784,1.415660981190234,1
2.5714114072575103,2.375966516343387,1
2.3955159735215235,1.5453062726026303,1
2.7013971554680496,1.2990744686038596,1
2.293428546900135,3.095227812904989,1
1.504731837434656,1.716851135198614,1
2.049825682543821,1.7482621729419003,1
1.2246682844669337,2.034281487403013,1
1.4688481431369476,2.236796215317591,1
1.5402878828830984,2.77496720250877,1
1.6083733538318814,1.8389692418971624,1
2.406758608684835,1.3845678417830225,1
2.113729967302065,2.653571377141214,1
1.1962583827193862,2.0923169292661523,1
2.129941397124212,2.390911435888655,1
1.381524644560959,1.3397716934578618,1
2.2609707828084487,2.148492336616593,1
2.1252464251729384,2.173224104748488,1
1.6599876392107549,2.116126848580502,1
2.146536236649341,1.642824290986816,1
2.9328872555723784,2.2369164604558938,1
1.4043482513986758,2.328276804316915,1
1.5126591648863392,2.393542301871226,1
2.579297789503702,1.5896588408241448,1
2.481688064622161,2.206390463468249,1
2.411030079997245,2.9483964913269736,1
1.8773059419985647,1.623131917821255,1
1.5552427851872384,1.5920948575172809,1
1.961449145292948,2.170575987408322,1
2.1383453996650097,2.413591624518012,1
2.0065009459389533,2.726767038578658,1
1.867671583381022,3.3600845832948094,1
2.312833673882503,1.5714212217918586,1
1.464553750969444,2.2412362076215926,1
1.8882686073370745,2.357000247046046,1
2.2366188122867725,1.963585543671564,1
1.5766031409657977,1.2425763876570677,1
1.7767425239664894,2.428199397161736,1
2.107046872065102,1.377130610644006,1
2.086590462925591,2.1926586898644183,1
1.5580712818994336,2.076862552972764,1
2.029104359223,1.4285148510846883,1
2.178893680174141,2.280392263184117,1
2.5415256215876383,2.526901026017452,1
1.3111653160214545,1.5310874800424386,1
2.25751763360433,2.2568929754561045,1
2.257523843153024,3.92636574532736,1
2.285445255346584,2.5677828200902995,1
2.4770008817466014,2.325695625652899,1
1.8423653776798272,2.379484610246634,1
1.613587392731214,1.881590696629996,1
1.7573182260854483,2.040937069693161,1
3.1573292833367543,1.066367403704126,1
2.3431300951872567,1.1936420644051742,1
1.7640340671052832,2.544475298483683,1
2.032140009547732,1.461127611035347,1
1.642348145370016,2.3397988744673377,1
1.6348166841414318,2.108229294790988,1
2.022785919951907,1.6741998261970914,1
3.0719720446626626,2.3169595111590056,1
0.9874287066711964,2.093227157384714,1
1.669106767615806,2.426216667398112,1
1.6037396307836498,1.9426317792665504,1
2.2524936394902286,2.432877597085061,1
1.3998517964721118,1.832749382079525,1
1.762527344419522,1.6733353837131442,1
2.882727120140548,2.2024908554804776,1
1.3695580228324773,2.458930973527388,1
3.0610780985063166,2.516232630275573,1
1.2403150170229933,1.7578829635668742,1
2.633455574593312,1.6461652671906095,1
2.221909714073114,2.387317026714668,1
1.5365347642109586,1.9702373219691,1
0.3793663299654637,1.4878061793328552,1
1.87371592430342,1.3761084090175753,1
2.8162056519658174,1.2849293110196838,1
1.779977756651508,2.0653702886430456,1
2.720636644533058,1.2820689244102803,1
2.58158187607748,2.005116530509793,1
1.5092456744760243,2.231051737131635,1
2.099529847786735,1.6998915614206027,1
2.0349010424950094,1.80734320156912,1
2.056758672625624,2.3310653372605232,1
2.793008408072676,1.3810922505865757,1
3.066516687328133,1.023956100238749,1
1.9241074524822084,2.2941586032422885,1
2.140495933867516,1.6886502400897032,1
1.8959388748213624,1.7534995326705836,1
1.7053176215278942,2.4248010485105125,1
2.178507742982524,1.6535452023696728,1
2.4497999377166253,2.1536497604383045,1
2.40643105941948,2.314814420961806,1
1.585502494538964,1.719909479901515,1
2.373646802561631,2.3051851327167325,1
1.989549203017926,2.058663691654391,1
2.638832447894212,1.704214305582085,1
2.273548690585019,1.898903673783053,1
1.89115939838639,2.549388425993595,1
2.412708174494015,2.40675481800032,1
2.6527394035771645,2.01050192081638,1
2.3409764856474817,1.844866621703272,1
2.162083176244221,1.934928472816157,1
2.048497982496359,2.2975785127184567,1
1.5908896583832637,3.0461936378427303,1
1.496991309250149,1.392905693606134,1
2.579055436750034,2.395831346981468,1
2.3120599085260776,2.31417275463214,1
1.9938766135765429,1.5513728142570842,1
2.037902279096864,1.661419144243944,1
2.4875598667088754,1.9264713092489307,1
1.5872514016037442,1.839307079173504,1
2.2064657271378123,1.7181377235980126,1
1.5888898022167843,2.121843605745956,1
2.1224832855543614,1.7465284123144351,1
1.7644808471908386,2.116024968678818,1
1.2759578292513378,1.2962681128117224,1
1.640777889373782,1.8932764241440765,1
2.155453782799002,2.737678108474776,1
2.42882981160101,1.9200307350182864,1
1.9904918960486555,1.4987353176810956,1
1.990743432003805,1.8556706805399308,1
2.161359280169045,1.5863845282238385,1
2.259673257120586,2.766369456501289,1
1.9456199257715712,2.2008558610494706,1
2.345071995855556,1.799389764057082,1
2.1120462409052085,2.006296200390897,1
2.048838049274416,1.6134951080722668,1
2.012255087129472,2.248999145622725,1
2.725571803897521,2.479635413042604,1
3.0765912287557784,1.6163262185559752,1
2.436160318360339,2.091671002869176,1
3.094901466608836,1.5958508573224242,1
1.580139078909612,1.700303677277989,1
0.9380521378450966,1.7371224891596195,1
1.620433669223151,2.075196893238104,1
2.17087798788858,2.938085419607943,1
2.475211919093025,1.7115481721687984,1
1.550792664325821,2.245959585753253,1
1.3398833964896788,2.915729382927177,1
2.5897200603606434,1.7654121739476476,1
1.1434327354545613,2.676936187082706,1
1.942730077373691,2.618908155986731,1
1.2027861706028165,1.7003124885231136,1
2.0026218498590915,2.023490296882371,1
1.7749672642603782,2.3114249661737496,1
1.466189785308703,1.9288102574893533,1
2.0601478158559496,2.2572194170293747,1
2.355807439044445,1.4376789540810653,1
1.2329429146321889,2.6388384109492544,1
2.166157005989796,1.6257567317217232,1
2.7755759877612616,2.0578373171464293,1
2.589648592031913,2.0337592407050544,1
3.0303739624409936,2.877670421221602,1
1.8755179257604635,2.485785475477177,1
2.322687974792574,2.6843157787661744,1
1.5175382697099478,2.34302572999922,1
2.529212243424794,1.1206302567884427,1
1.4083707436671125,0.9803839111199496,1
1.865296582777721,2.358771127897981,1
2.751178526048014,2.037047390209888,1
2.814307772785646,1.3099492708925542,1
1.1483087803224228,1.9722261505516907,1
2.192032724469654,1.9836526259529528,1
0.9662789499800616,1.955439980243605,1
1.3477652497475734,2.33483627441502,1
2.183299123048424,1.5300601068363224,1
1.7430665413316533,1.4703932390555243,1
1.968660451363414,2.477571160250619,1
1.507136976832228,2.252023257758922,1
1.7348711908137795,1.6035635838688278,1
1.9464848200227207,1.482378838790313,1
1.7231753473264089,1.401061053705576,1
2.9823625664581948,2.017631775985864,1
1.6501372460037071,2.106989955367111,1
1.943835975154585,1.8895152002333888,1
2.3070833500217125,2.3787538550236524,1
1.7347494261947365,1.71209087967766,1
1.862474151424178,0.8490394176322076,1
1.242404468900724,2.6834371337222622,1
2.822483856750642,1.8754819802218108,1
2.2882784815278834,2.155625077271768,1
3.539440404227619,2.5597874557172884,1
1.936041204259617,1.5222297796997872,1
1.1967768398712135,2.1017318179336115,1
1.6218246273578485,1.2888731452011628,1
1.6767135578787369,1.4592259981928026,1
2.8435708175362824,2.4408198784747253,1
1.996013679341692,2.739972069445013,1
2.038684153823809,1.569357899335868,1
2.7615620386348287,2.269455021842329,1
1.481376922836772,1.904830660958196,1
1.5621908733076215,1.308600134517832,1
2.4630887737658207,2.954708320235065,1
1.3007162130904293,2.281484618345285,1
1.6746787154390863,1.756437308117652,1
1.7038030378805655,1.568004615160092,1
2.0242608139724134,1.5845249417944811,1
2.13522841288992,1.974880945275432,1
1.8805259765667952,1.546218168979201,1
1.7116143347158337,2.377695612912878,1
2.2504585938121906,1.5112223776007243,1
2.0496661527146127,2.3756935616858943,1
1.165297359439314,2.2716800961899675,1
1.6686881205270767,2.2852993342965795,1
1.6183704217287416,1.0975589496677405,1
1.186228781058419,2.024042473330691,1
2.129861250860741,1.5478416874477956,1
2.319296229388687,1.16923996886552,1
1.9669601006763413,1.3944919001187717,1
1.6740819460989205,2.023699335658207,1
1.569793317358024,1.8077222278850875,1
2.5031464046072203,1.7115540652384256,1
2.417846056032571,1.435146572671191,1
2.264902088957641,2.72078431032895,1
0.7641777499363553,1.6015523722647615,1
2.28853606359027,1.898477306978504,1
2.1855729366856544,1.6980074066420898,1
2.04329489373645,1.9221613823039605,1
2.5838910308299035,2.1272104216506067,1
2.168801331037601,1.7940615169387664,1
1.7561968879637533,1.7837209060901895,1
2.1972260711891485,1.7895077595898683,1
2.1448874284482065,3.0377003993227194,1
2.4355623517158462,1.83698823391608,1
2.600606961081972,1.7959623134892242,1
0.9809377324110732,1.4959568445412978,1
1.0646040394870722,1.8242432579793453,1
2.009209189594776,2.838218656137641,1
2.163463686882081,1.890449735595568,1
2.4147027905917446,0.8944323454960574,1
2.117807279054283,2.385432596943484,1
1.2607068771100791,2.5718770216034645,1
2.169248203747207,1.7923560430495993,1
2.3163909330531425,3.135346428902198,1
2.090933127529248,2.124110293150168,1
1.770319550229878,1.5750778152676042,1
2.4151679082721227,1.5719580870455665,1
2.035783118609696,1.7611712766174417,1
2.239489912873196,2.166831052643474,1
2.5187699721289496,1.7449918005726266,1
1.8650625323533143,1.5106181421088465,1
1.777853369961944,2.188650246522426,1
-1.621505691677324,-2.461082662088813,0
-1.56519703994717,-1.3221810705975243,0
-1.7932825483881496,-1.0616020937209671,0
-2.3868945995517867,-2.6223273516557084,0
-2.889360124452139,-1.2519778442554084,0
-1.6728171718229712,-2.0277923354552274,0
-1.8600156868400897,-2.5627445236491884,0
-0.7771240101915868,-1.9353894090123864,0
-1.9453026026975533,-1.637116688050654,0
-1.7594953841316434,-1.8880579878604344,0
-2.395237227722656,-1.7642658214320022,0
-1.058987751762483,-1.3272899769225113,0
-1.2034066866803017,-2.2556078382155924,0
-2.4948024101292905,-2.062893460049824,0
-1.9721375438556528,-1.4529042407645258,0
-2.8462323148574096,-1.235224840269693,0
-2.0790039492894947,-2.21344053497371,0
-2.506052187630084,-2.8274283359328845,0
-1.5884147080190427,-1.963341016405798,0
-2.644980449870527,-2.647539386031808,0
-2.167892349645064,-1.1654892373553034,0
-2.1297956756818026,-2.751571476559053,0
-2.1228715320429723,-2.136361784873835,0
-3.3484433214707856,-2.027147433258906,0
-2.115467265104339,-1.6518968175932909,0
-1.0755219525273274,-1.4367174852261213,0
-2.134444345277416,-2.553262954370835,0
-0.7133200983750698,-1.970390782992756,0
-1.9930353540435268,-2.0120625435550017,0
-1.9009576196160725,-2.0721802059619714,0
-2.2868310034401182,-2.2734294706201963,0
-2.0163766351079992,-2.2717123855668824,0
-2.3564228913385823,-1.9467848861540515,0
-2.1274886087104274,-1.2480035057086556,0
-3.325484904196506,-1.4542465740387691,0
-1.3769574037511854,-3.0366951162040747,0
-2.1713437970401746,-2.185720432997896,0
-2.7037558473589107,-2.3889083437954377,0
-2.5552879227329144,-1.1238647782881888,0
-1.5321608034262697,-1.3642224525029207,0
-1.6391639679783825,-2.5645258856086146,0
-2.262260133139887,-1.755312719386041,0
-2.611063904445973,-1.643500784913806,0
-2.120162699079068,-2.187410403774799,0
-1.6445200158982545,-1.77786834425698,0
-2.18048308290954,-1.420335098317876,0
-2.540531663799949,-1.6920321965278682,0
-1.703449371015808,-2.154773219656996,0
-1.836933488878941,-2.625556788192652,0
-1.5379864903965494,-2.0924510682214947,0
-2.26136151025952,-1.4754953870815553,0
-2.35217184527138,-2.70423064818178,0
-2.778314586761952,-1.69699502432718,0
-2.6402146762481413,-1.1226029090078176,0
-3.040964703941861,-1.151771815854981,0
-1.8944912663986908,-2.048356555935196,0
-2.2724595434044748,-1.8004319428239646,0
-2.0188173512124243,-1.4483490589917394,0
-1.94288617566898,-1.924849119269061,0
-2.181806106106928,-2.0284728118605337,0
-1.8460991155539703,-2.855084196328313,0
-2.6740927110528565,-1.6283679529886426,0
-1.914567280936029,-2.09199166817634,0
-1.990783033467304,-1.8262091473191644,0
-2.269879840154681,-2.3891523627011564,0
-1.90207737245116,-2.489186388807516,0
-1.795873622142764,-2.8512918021189204,0
-1.4854221813371782,-1.7637012587934784,0
-1.871985132843062,-1.508654508027243,0
-1.1672627777687117,-1.4928149674909348,0
-2.9204371156658224,-2.639788483367851,0
-2.31240928884784,-1.986954474894583,0
-1.7411704897654383,-2.362871906576733,0
-1.9066166177614607,-2.3776914661766613,0
-2.3057589014959743,-2.7033305484241112,0
-2.461616623055452,-2.675842302808167,0
-2.487936626488666,-1.4731791016960802,0
-2.474699444415972,-0.6838089675813046,0
-1.7533410495595554,-1.9075819381525632,0
-2.429178890090607,-1.6498450602955044,0
-2.287818913118887,-1.9389950926773192,0
-0.7199577308656027,-2.048029949862325,0
-1.425363336857162,-2.351588212562944,0
-2.0174942452484808,-1.114599682182245,0
-2.3134835288938835,-1.0937757210015358,0
-1.6461240322722623,-2.281233387947134,0
-1.6837961304722395,-1.5137227751866351,0
-1.6890950188914018,-2.785112359945228,0
-2.363568587912434,-2.123759317775753,0
-2.037216714550023,-1.689663951224661,0
-1.911149499533373,-2.6676721793550504,0
-1.8099010744970183,-1.6947071273580885,0
-1.72010477603448,-1.4596096372226892,0
-1.583038922725548,-1.7704099603857817,0
-2.0350828557293235,-2.8304804667579955,0
-1.785190890433707,-1.8961561564184444,0
-1.864210581402313,-2.6383742879101546,0
-2.540528270204131,-1.473423573333548,0
-2.019777576928328,-1.6592496513136878,0
-1.9858408119347688,-1.985121930252128,0
-1.5308580970120012,-2.2580223641086867,0
-1.951939611529508,-2.231137644352521,0
-2.217248113716158,-2.1545860617343195,0
-1.888933114183144,-2.2393743108317388,0
-1.3721219372132396,-2.447303651109752,0
-2.0934358220806795,-2.2198655291370875,0
-1.2765110578231336,-1.9017226117442128,0
-1.484077730265683,-2.7427801865184858,0
-1.8664748670653704,-1.5551846021882816,0
-1.958858005362288,-1.4672598124673244,0
-2.258644225050186,-1.29532627990721,0
-0.8505509381903749,-2.1814192802198296,0
-2.222751260700386,-1.2733077614411497,0
-1.2102139271346437,-2.2614300135766343,0
-2.2100934085479285,-2.140892304430253,0
-2.672225255517138,-2.459325973242099,0
-2.502070383376034,-2.3838987825520643,0
-2.0173424436933907,-1.8828926337317395,0
-1.2247497535929617,-2.4991770203693955,0
-1.507838800761708,-2.1069944221127543,0
-2.0247318548262165,-1.662590253916698,0
-2.561361010781149,-1.8087951269079747,0
-1.916773895893472,-1.7537743679959257,0
-1.8554156780460909,-0.7723499300445529,0
-2.318869992125658,-2.265498477500909,0
-2.3115702632123822,-2.2777385595801274,0
-2.318693563653259,-1.405491734446224,0
-1.289747876005073,-2.285373146874738,0
-2.4161777865521143,-1.764292221806798,0
-2.2761115221404857,-1.6835340911222447,0
-1.8985384895743505,-2.757872057498616,0
-1.2262473993349692,-1.1020611634522393,0
-2.306394345242193,-2.1938507799679923,0
-1.857067304637548,-1.8327716050064875,0
-1.6707278636635847,-0.9948977306168252,0
-2.088473613747025,-2.399148622269226,0
-2.6896596140072635,-2.3654650199709595,0
-2.0165634864368984,-1.1027210682411062,0
-2.2588056495180857,-1.8881060241805507,0
-2.008211448036376,-1.405803363275958,0
-0.7365337870631892,-2.2654343864601603,0
-2.244719721259111,-1.477919561465464,0
-1.6590542551868444,-1.0766463371319832,0
-1.7080359073370182,-2.17964604539353,0
-1.7046725846538453,-1.445648209708546,0
-1.589758909401318,-1.746362984446351,0
-1.4666626552054232,-1.4153522047771636,0
-1.3089205044812364,-1.6756450562051786,0
-2.083559040158427,-1.9266431567833384,0
-1.3967455167458216,-2.408467835493618,0
-1.8156633455635487,-2.1966694061636804,0
-1.985627588532592,-1.3607740686963503,0
-1.9044504659900483,-1.9767817259219256,0
-2.6799280704899595,-1.6268732169863895,0
-1.6772579094294624,-0.91837263834727,0
-2.1538891174765005,-1.8904248361680305,0
-1.8753081581446225,-1.2112733601182628,0
-2.047647766193476,-1.8604892371148305,0
-1.6960517451417303,-1.9066954384218209,0
-2.2232168072752643,-1.9029550035508465,0
-1.463184125070114,-2.51325764970553,0
-1.933515162926562,-2.3500604074695866,0
-1.4024766855375788,-2.7615934523918875,0
-2.2794609236357943,-1.81139406246774,0
-1.21723798538283,-2.032875130536494,0
-2.277599763346599,-1.059421465279705,0
-2.724006950208122,-3.099402978310041,0
-1.7799927749733335,-2.2510271121763057,0
-2.5106164085653564,-1.6458217763503231,0
-1.8780996431144008,-2.282039315368364,0
-2.640152199335448,-1.5637713358599277,0
-1.6748994110206694,-2.0495879318896915,0
-1.076681501976167,-2.535042383163076,0
-2.7627625854623696,-2.3459540349406223,0
-2.0227930081777488,-1.8783302753386544,0
-2.120618028928165,-1.8239723017428515,0
-2.625769712095222,-1.2781176979633702,0
-2.0410755891962844,-1.4413520842059362,0
-1.828637326811148,-1.771623390423108,0
-1.715116359883898,-1.7761457199913426,0
-1.678638620066228,-1.3354237349337843,0
-1.901739415149265,-1.6454981212057438,0
-2.044867847143613,-1.2799413922752636,0
-2.338196151029635,-1.0995297835445923,0
-2.020078975322172,-2.715387551059024,0
-1.9359477925446047,-2.3405258287374404,0
-1.579678225505638,-2.3263119896511952,0
-2.22309171660739,-2.944770365472765,0
-2.2261531596245385,-3.211939663314478,0
-2.7919514117428617,-1.6197926719278513,0
-1.607099920674584,-1.7872712191075175,0
-2.4834880715646066,-2.0238556780709898,0
-2.0018012695452843,-2.5791823445962714,0
-1.2483008491164247,-1.5613188547121644,0
-2.110482086914832,-1.9865570805027344,0
-1.895808596026224,-3.0208674342121453,0
-2.1235886912602986,-2.340992123998899,0
-2.500810004947458,-2.140550146442977,0
-1.1011567365752386,-1.679578569366495,0
-2.2855894948913984,-1.7137086093219207,0
-1.300322281706999,-1.5376831585436157,0
-1.9701848150399128,-2.323468388852787,0
-1.650888343193205,-1.8032573072891247,0
-1.5524033899861338,-1.6824140991590153,0
-1.4752236423403324,-2.267617605780284,0
-1.3413029671828371,-1.9012001976538,0
-0.9623695636873671,-2.344593909044784,0
-1.132018098417375,-1.901044608268676,0
-2.3257090018072244,-2.2419429170271608,0
-2.16017365409716,-1.787917026799042,0
-1.73858225598225,-2.286850001969289,0
-2.012177296130492,-0.9288648206940682,0
-1.1362284149496444,-1.781838165162984,0
-1.9809982609159,-1.939984336640869,0
-1.6932410136347915,-2.5113962825992027,0
-2.1286882687116724,-2.8342920369387947,0
-1.8003884386973603,-1.6764020301486295,0
-2.241593231149687,-1.2130066183549837,0
-2.6128828315011705,-2.73218744010491,0
-1.887774090720014,-1.4764508486939227,0
-1.1580361542710658,-2.22944213143447,0
-1.460659583284352,-2.019254234750353,0
-2.08631364997041,-1.5581700312566638,0
-1.6738385607932902,-2.788196078492125,0
-1.261729825137052,-1.3099543229262742,0
-2.3127813507547645,-1.802098233281296,0
-1.7529849068586305,-1.8696631170880464,0
-2.27515257692271,-2.335811683969026,0
-2.0127770354957226,-1.4136354903703177,0
-1.7281999227027838,-2.185307166043053,0
-1.6141506446758276,-3.4242713103150377,0
-1.4256171498139485,-2.86985688938905,0
-2.181220470701566,-2.559834947313072,0
-2.647340737860453,-1.4195866063107403,0
-2.2338506006559458,-1.826748059134642,0
-2.023460289439592,-1.7614795863884392,0
-1.9615890544698724,-2.641496112094285,0
-1.50186659027643,-2.246878291580656,0
-2.778290949329876,-2.2140575804829563,0
-1.2496201046828446,-1.5748891289432536,0
-2.1743260672039297,-2.1746288521592145,0
-2.1608175256086914,-0.9616260082195796,0
-1.8090322738842235,-1.7849791764044651,0
-1.484858272984079,-1.8806054204867435,0
-2.1295210729103515,-2.098174924542489,0
-2.035800629707032,-2.018611118254921,0
-1.63618522818151,-1.9740270570963503,0
-1.6336799613922104,-2.040358290054291,0
-1.9606824048419549,-2.999100342266054,0
-1.5418361626487591,-1.8267557620510035,0
-1.5009949450701738,-3.448127689096845,0
-0.9558126476096362,-2.069794814077587,0
-1.4459085916312415,-2.519952963562765,0
-1.6936130474687152,-2.526707781586828,0
-2.3118844803479024,-1.042984323066607,0
-2.0953412003816734,-1.8912835634101384,0
-1.564966134655623,-1.7521590560136977,0
-1.924790547428212,-1.8175194987668872,0
-0.7982922073808625,-2.0288093985167928,0
-1.899450476642516,-1.474672801996194,0
-1.447237033521008,-1.40648484721981,0
-1.6806348889854077,-2.5715024563652418,0
-1.183284233849452,-2.573172696509344,0
-1.848682267380484,-2.377137925009679,0
-2.032069173296496,-1.83561879484826,0
-1.839321392274864,-1.7890396228823575,0
-1.1931443654706766,-1.77323284924301,0
-2.1220783176453244,-1.5179564158558214,0
-1.4052647555376798,-2.613803907568496,0
-1.701299965075071,-1.649413628844551,0
-2.148781751679996,-1.3121465933441905,0
-2.075027793516264,-1.9372117732642289,0
-2.086535912141935,-1.9922104762092665,0
-2.548137543447601,-2.720025441297147,0
-1.202747468387514,-2.423480674159164,0
-2.4956961747281534,-3.0766950568018574,0
-2.319480873844751,-2.661544896703749,0
-1.1789924199318156,-1.495091455328683,0
-2.344075172588862,-0.8737820973278456,0
-1.5091172565042028,-2.162415691754312,0
-3.2497028574367866,-0.8545287137046291,0
-2.694786233381798,-2.822699373478446,0
-1.4887147839951798,-0.7801237968303636,0
-1.307863590744741,-1.71804543997382,0
-1.702622829167357,-1.573292220609846,0
-1.6205357051066174,-1.859404288015312,0
-1.947899448024062,-2.0312965639497613,0
-2.376982294433338,-2.140337538433387,0
-2.8464784070976927,-2.049169813397375,0
-2.4942955535754585,-2.5517946586078857,0
-1.9100529244232607,-1.3039988568277003,0
-1.5408416969988434,-2.7852503018115886,0
-2.494814068285169,-1.529614406005892,0
-2.4912436967691547,-2.112316574998512,0
-1.724973950487724,-2.484172227431817,0
-1.94731224692702,-2.6670127474591023,0
-2.300683821975607,-1.8401090329287315,0
-2.7964968667658345,-1.7797626310198005,0
-2.009818899463341,-1.7237550227914262,0
-1.888042932967669,-1.317929785013078,0
2.0626122513239538,-2.2147027705626265,2
2.061148751516142,-1.728350985481806,2
2.0244300351628524,-1.979704154398059,2
1.6490041560966224,-2.331450458775474,2
1.2986973641001534,-1.1252116284065303,2
1.3780683823043574,-2.3464525988979537,2
1.6407963672154011,-1.5525378115277793,2
1.852525160853986,-1.376128963663133,2
1.663254687878066,-1.860502918888099,2
1.5823264733701214,-0.927425436113306,2
1.4062007904852436,-1.8450896448864864,2
2.316888440466049,-1.7931004512742508,2
1.907356170561146,-2.064910349866713,2
2.021905735989555,-2.0735010008142445,2
2.481939558397455,-0.8947384992043244,2
1.7212541074960832,-2.6849014897895387,2
1.9558589758243723,-0.7101453311728407,2
1.5981627160151346,-1.1804415972779665,2
2.8388504070382203,-2.276794120853997,2
2.2844915395926377,-1.185801688435731,2
1.8104361295062563,-2.101790180051181,2
1.709159543025678,-2.507378365346433,2
1.6753612274669964,-2.6119701333811283,2
2.017041734129613,-2.384986615529321,2
2.116892955895374,-2.777947823101813,2
2.1654401161072285,-1.5832355191955376,2
1.0031321787142722,-1.812971715076214,2
2.613834496236646,-2.6048205093456027,2
2.836286193418852,-1.7904904953169771,2
1.6474940721207956,-2.027884538828853,2
2.279163456260861,-1.9619973042937944,2
2.2693779962231844,-2.460336796539683,2
2.084680412018039,-2.70685724845249,2
1.94438696932565,-2.451953820732395,2
1.6322350287051166,-1.3819534123947812,2
2.5456550602971344,-1.6954309395464116,2
1.4538436176637104,-2.158204224847401,2
2.606548849989592,-1.929141543180048,2
3.159664769990848,-1.803341080302814,2
2.096024558245016,-2.154558232101251,2
2.066770452391141,-2.076234918190272,2
2.354054338344296,-1.521648841602708,2
1.607005269746025,-2.665616476778889,2
1.0818973134483518,-1.746004336543728,2
1.4483166969130632,-3.076445296476241,2
2.194289302265482,-0.7535002412836047,2
1.9969645442300528,-1.5807546127741792,2
2.0409146792737825,-2.049444826595572,2
2.459538241493884,-2.145137272094326,2
2.1336961570359514,-1.8391510969019933,2
1.6659547731784756,-1.5039788252317383,2
1.912520121652296,-2.3778725797464224,2
2.2682549217852017,-2.4492339908955185,2
2.014090578684564,-2.004559498322102,2
2.542947782915789,-1.7626508835600236,2
1.987486520627428,-1.5911168503998565,2
2.695103774508657,-1.721094846824069,2
2.00517630992169,-2.65591811617508,2
1.4674431684623137,-2.152612352177334,2
1.6952438989203584,-2.093485651492723,2
2.0283249624485538,-1.7351536228216349,2
1.9647506109704544,-1.7567491780868991,2
2.03223720740506,-2.987733283176936,2
1.5303323030906228,-2.072043777860808,2
1.3951526285794462,-1.7000356350018977,2
2.7653754161718487,-1.3906190741513416,2
1.893278564534896,-1.254636931575024,2
2.074333728601056,-2.16854298555902,2
1.69329866822953,-2.151234843244064,2
1.8059115907293857,-1.914791888812256,2
2.0802869905249324,-1.9984769899232928,2
2.218469084873175,-1.4046768626068291,2
2.474777067720662,-2.742448984224952,2
0.7230394325490226,-1.5328400443803631,2
1.3165606507922891,-2.1123827009463416,2
1.41494348697032,-2.90099021879001,2
2.270731364102394,-1.6204224198486763,2
1.7117447996366404,-3.295521146072455,2
1.7268777758737586,-1.8040979972987268,2
1.2605442156129356,-1.908320040110422,2
1.992345075413502,-1.7103542501994558,2
2.0597901842070767,-2.4865344704407777,2
2.598285750832246,-2.079264786513485,2
1.986347730245034,-2.466633979536598,2
1.778358874404245,-2.44240135701345,2
1.9135269700382884,-1.1441457599288285,2
1.3140494285343218,-2.8067806989383706,2
2.735585163746804,-2.1046618385759333,2
1.6654636306700417,-1.4800476563019618,2
1.6971922301315678,-1.086995143226532,2
2.338962935669634,-2.243955704072852,2
3.078654106632752,-2.3028574615016693,2
2.371047686004653,-1.850353709796754,2
2.650870644699399,-1.2192444016365735,2
2.016002074532884,-2.376708935173092,2
2.229986071469558,-2.338857684876053,2
3.0066936237633115,-1.9317323344586312,2
1.8173392243439457,-1.9076598470675457,2
1.3264368552351518,-2.4858070192553257,2
2.600206953972213,-2.328447139485698,2
1.47654450865903,-1.731673623736357,2
2.5928520773314983,-1.6405233446674663,2
2.498023842902908,-2.3783975442847303,2
1.289094666629078,-1.2493331740222566,2
1.838660080578932,-2.125416508227524,2
2.664097070924529,-1.72188499529967,2
2.227943886040804,-0.917498827549458,2
1.6782408848099286,-1.5360799359593815,2
2.028506562448542,-1.865703860568372,2
2.764234213206266,-1.746082121855188,2
2.2691480395248167,-1.463746331345099,2
1.8175236352285573,-2.419604833669504,2
1.477595402989483,-2.9831782946880008,2
3.028103564970161,-2.5516041828608413,2
1.889373188207114,-2.1384066499444603,2
2.1537033489045503,-1.5921313937303516,2
2.4302367441798727,-2.2915387192844694,2
1.9164391431067944,-1.85871002475585,2
1.8756544369082264,-1.1963272119900037,2
2.2454874758191257,-1.6325611069750914,2
2.331440634333706,-1.4132630712573375,2
2.0905107793518534,-2.648415973977923,2
2.1998439758763206,-2.3256784468959144,2
1.7356916591251217,-1.7068179906224534,2
2.619141535716818,-1.9893642116319687,2
2.154416506299482,-1.148892527682381,2
2.1203765897442843,-0.6991584429098026,2
2.282754822815772,-2.880381379577909,2
2.376670810552266,-1.8094208075586111,2
2.644876377041373,-1.6634093243650208,2
1.930772008008113,-2.612149118144683,2
1.895488371356988,-2.42526022710465,2
1.7097382750976386,-1.7057107977896953,2
2.834952252175703,-1.8026642350885087,2
1.4020584689824078,-1.7776986658899296,2
2.598315743322825,-2.304891452159691,2
1.932991416663541,-1.9926559026354007,2
1.60755084345888,-1.6758597830780704,2
1.9395259256961093,-1.790233778046486,2
1.55625391109895,-2.218729150161705,2
2.3611906789138857,-2.186416576045884,2
2.8634819256167026,-2.199818092807301,2
2.112342362875943,-1.5337045840634551,2
1.2908171335334842,-2.880404405990388,2
1.2371718427149525,-1.368707948286409,2
1.7240709270537766,-0.7209003571658739,2
1.7178762006713058,-1.9077243484014808,2
2.7710549762839376,-0.9969535559204384,2
3.0307517883181987,-1.395816884703429,2
2.512031262905732,-1.7037365253994086,2
2.389180538083319,-2.275592858164267,2
1.5909005582888465,-2.001687228705476,2
1.914907688737536,-2.226614024663637,2
2.348193723728357,-1.5223473957147446,2
2.0442034431459235,-1.261234959472369,2
1.4291554429332476,-2.09682972963986,2
1.6415888396985976,-2.93326830853653,2
1.9586596570786503,-2.060873754191642,2
2.7567248716210653,-1.6845941577226111,2
1.4879065878353974,-1.072953716832906,2
2.610516847762677,-1.708951148265692,2
1.886757950575084,-2.47971961836174,2
1.8138966119644733,-1.455625690147907,2
2.9422931529673044,-1.2283782358639057,2
1.755575289106863,-2.559808716644506,2
2.0704431234556018,-2.884219682781426,2
2.16158385709239,-2.073801293149334,2
1.7669817490658788,-2.797351533633398,2
2.2568000532848584,-2.266350419830956,2
1.415041582144856,-3.4361311066408247,2
1.9862425474746817,-1.113874201665128,2
2.830629607273935,-2.228548128293136,2
1.6988939698191097,-1.7656128719624882,2
1.5008072804058543,-1.8491040500902671,2
2.383040139192345,-1.3865333880578463,2
1.949922961760024,-2.101836875088483,2
1.5610087066217195,-2.41344017701993,2
1.8867605540492367,-1.816317246591911,2
2.4567923131166247,-2.4015894753401725,2
2.7463442844797608,-2.1355618005212844,2
1.989316352825782,-2.373605839573912,2
0.7878798698635292,-1.5579773018194751,2
2.368421948546217,-2.1406637785591065,2
2.033495358612436,-1.7420303911479502,2
1.2187270715567289,-2.264526338673148,2
2.3971323398109137,-2.6271447115846245,2
2.1467789660833145,-2.6782909023117023,2
2.233214991216763,-2.017820741148742,2
1.1924340920472454,-1.4176303227714144,2
1.6327042116009751,-2.4051262185071907,2
2.1002845986154712,-1.4256813252856424,2
1.4920890905108015,-1.969160075076014,2
2.2144082501652864,-1.653447196368428,2
2.088220777638613,-2.183513919541661,2
1.5862048896756402,-1.9569280584768127,2
1.4639304940071964,-3.460675241747304,2
2.2182799020788337,-1.5480325794569023,2
0.8185337822290808,-2.504865352354969,2
2.309577130502599,-0.9712522651441506,2
2.010396853837704,-2.364001470614568,2
1.90855177944758,-1.3125617904259077,2
1.6770179104377323,-2.3995960033251267,2
1.7586282389089838,-2.4766643041293563,2
2.061335157997398,-1.1876607707652198,2
2.1615396365580146,-2.126176751063144,2
1.854094365542228,-2.7815954043483284,2
2.44155488857358,-2.038918598506401,2
1.9097600432046875,-0.4034462160775696,2
2.149376454182843,-2.375895525047592,2
1.7868212018972285,-1.4257771454016226,2
2.0566352052688823,-2.7191389891586835,2
2.4596144672876017,-2.334072042769497,2
2.9366488881087727,-1.4599759671426755,2
1.7763390521706244,-1.3594918191324434,2
2.0339277552637016,-1.5736131624388905,2
2.242366408647237,-2.4231783274954366,2
1.678225083841269,-1.4850195912094195,2
1.8326123339467293,-2.201824231620998,2
1.5224387103253236,-1.7882004672032694,2
3.0312624596215727,-2.533766457127137,2
2.012109728336379,-1.2938897222922854,2
1.9601793043771425,-1.773814101875133,2
1.46880323592656,-1.7858464513961758,2
1.9064278674977253,-1.5071350021600685,2
2.593693025782376,-0.7052181789906931,2
2.289816586606788,-1.8371018417089169,2
2.097192150788668,-2.176583146405344,2
2.1692419217308454,-2.1477007050695147,2
2.084230488134807,-1.34120123219602,2
1.496728717360179,-1.4300607194354773,2
2.6585575336699327,-2.059034263495539,2
0.9390725504957028,-2.303910993547216,2
2.6484972732805545,-2.011434031149441,2
1.5003488838525447,-2.2523874606141088,2
2.4203100132522763,-1.7266332158993103,2
1.8805339504151528,-2.183412205907344,2
1.804120925478089,-2.4612050922492514,2
2.807687844734721,-2.1611602346056697,2
2.608579260412748,-1.2393419740387743,2
2.49915544907398,-2.215810156359024,2
2.201865045168305,-2.012097803195458,2
1.548149069634936,-1.8378203591391984,2
1.4104801044200987,-1.4061603057692182,2
1.7676913513508037,-1.8994201720635804,2
2.141643935773071,-2.129452486852039,2
2.293346900737637,-2.2374518283112623,2
2.435648648728622,-2.6729898401233743,2
2.063189789773206,-1.0305355004708576,2
1.4998343376972127,-2.3388724852624256,2
2.2569539248294577,-1.910209109030201,2
2.1753150496367795,-1.7554064349261682,2
2.317360734280885,-1.4451500790218883,2
2.2049093284642565,-2.120628827309272,2
2.3362868506013656,-1.0500590325523922,2
1.933683126808713,-2.487264652335321,2
2.553540334643486,-2.060190581976799,2
0.913665226992982,-1.5762891614247891,2
1.7323359070230386,-2.045266641152081,2
2.165990165284508,-1.9047501601104668,2
2.35472590856952,-2.2177431852849216,2
2.256552899088041,-2.129773338791958,2
2.369405240443752,-1.6923162579934732,2
1.5322806489777023,-1.457008941912484,2
1.732018277442976,-1.5959711008594275,2
2.1836436567006703,-1.0809081616024387,2
1.8882670088140736,-2.1746583980590986,2
1.9902901970561333,-2.151589891417138,2
2.399970950971025,-2.808155304218294,2
1.4731587904268229,-2.5339014607895964,2
2.475153795986788,-1.1446933137090374,2
1.9477753907312645,-2.084410861595005,2
2.0350260815565906,-1.4190608486959049,2
1.5363234329047128,-1.8808155086326075,2
2.4875988148912147,-1.7494529150300773,2
2.094790808299372,-1.4994769537164294,2
0.6483838535003814,-1.661062340234546,2
1.672962158436288,-2.915316448428229,2
2.2556012997624904,-1.3131707274185211,2
1.931275742686154,-1.5235627263985303,2
2.8061391289943227,-1.3425427732079762,2
2.8199822646856965,-1.6289362544640538,2
2.037716819450796,-2.800982905948584,2
1.8769687559350257,-2.421623297658096,2
3.085471358748907,-2.0879429062161683,2
2.061602403392243,-1.7242573119797662,2
2.021801223186227,-1.1524744797846234,2
1.688675319132774,-1.9026962723813787,2
1.628764707150976,-2.660011255610353,2
1.6941154545473571,-2.018518398524206,2
1.78534888774137,-2.346210489936928,2
1.296841268164083,-2.0415527863143472,2
1.2476398129844988,-1.6199720181551986,2
2.041219876467252,-2.728775749732465,2
1.8453954614750685,-2.376078202795292,2
2.15958725520959,-1.3297747769884278,2
1.0624137651771275,-1.9424869604262915,2
1.91993360221668,-1.664329961774767,2
2.1065983141188447,-2.3759846658694097,2
1.840473032166691,-2.3980129284017444,2
2.538003569299299,-1.9893441756640289,2
