Survived,Pclass,Sex,Age,SibSp,Parch,Fare,Cabin,Embarked
0,3,0,-0.5921480257661339,1,0,-0.5021631365156053,0,0
1,1,1,0.6384304439468851,1,0,0.7864036178345383,1,1
1,3,1,-0.2845034083378791,0,0,-0.48857985158126105,0,0
1,1,1,0.40769698087569406,1,0,0.4204940697654092,2,0
0,3,0,0.40769698087569406,0,0,-0.48606442844527137,0,0
0,3,0,0.0,0,0,-0.4778480503138746,0,2
0,1,0,1.8690089136599042,0,0,0.3955913807191113,3,0
0,3,0,-2.1303711129074077,3,1,-0.22395733767514675,0,0
1,3,1,-0.20759225398081546,0,2,-0.42401799520369554,0,0
1,2,1,-1.2074372606226433,1,0,-0.04293139010125909,0,1
1,3,1,-1.9765488041932804,1,1,-0.3119971474347855,4,0
1,1,1,2.1766535310881587,0,0,-0.11378180431879875,5,0
0,3,0,-0.7459703344802613,0,0,-0.48606442844527137,0,0
0,3,0,0.7153415983039488,1,5,-0.01869880977838891,0,0
0,3,1,-1.2074372606226433,0,0,-0.4900045872454856,0,0
1,2,1,1.945920068016968,0,0,-0.32608351699632776,0,0
0,3,0,-2.1303711129074077,4,1,-0.061964087717411374,0,2
1,2,0,0.0,0,0,-0.38645367226008004,0,0
0,3,1,0.1000523634474393,1,0,-0.28583674682049287,0,0
1,3,1,0.0,0,0,-0.5026662211428032,0,1
0,2,0,0.40769698087569406,0,0,-0.12484966611715337,0,0
1,2,0,0.33078582651863037,0,0,-0.38645367226008004,6,0
1,3,1,-1.1305261062655798,0,0,-0.48648299485510005,0,2
1,1,0,-0.13068109962375177,0,0,0.06632249221806229,7,0
0,3,1,-1.6689041867650256,3,1,-0.22395733767514675,0,0
1,3,1,0.6384304439468851,1,5,-0.016434928955998185,0,0
0,3,0,0.0,0,0,-0.5026662211428032,0,1
0,1,0,-0.8228814888373249,3,2,4.644392599719279,8,0
1,3,1,0.0,0,0,-0.4895015026182876,0,2
0,3,0,0.0,0,0,-0.4891674544258282,0,0
0,1,0,0.7922527526610125,0,0,-0.09022134505786503,0,1
1,1,1,0.0,1,0,2.300436803386727,9,1
1,3,1,0.0,0,0,-0.49210144397164657,0,2
0,2,0,2.7919427659446683,0,0,-0.43676213497987365,0,0
0,1,0,-0.13068109962375177,1,0,1.0054969729792393,0,1
0,1,0,0.9460750613751399,1,0,0.39835834616870003,0,0
1,3,0,0.0,0,0,-0.502581702925434,0,1
0,3,0,-0.6690591801231975,0,0,-0.48606442844527137,0,0
0,3,1,-0.8997926431943887,2,0,-0.28583674682049287,0,0
1,3,1,-1.2074372606226433,1,0,-0.4218366202601652,0,1
0,3,1,0.7922527526610125,1,0,-0.457388604694989,0,0
0,2,1,-0.20759225398081546,1,0,-0.22546659155674054,0,0
0,3,0,0.0,0,0,-0.4891674544258282,0,1
1,2,1,-2.053459958550344,1,2,0.18865657484452997,0,1
1,3,1,-0.8228814888373249,0,0,-0.4895015026182876,0,2
0,3,0,0.0,0,0,-0.48606442844527137,0,0
0,3,0,0.0,1,0,-0.3361452095402864,0,2
1,3,1,0.0,0,0,-0.49210144397164657,0,2
0,3,0,0.0,2,0,-0.211798788405027,0,1
0,3,1,-0.8997926431943887,1,0,-0.28986142383807634,0,0
0,3,0,-1.7458153411220891,4,1,0.15058916727371655,0,0
0,3,0,-0.6690591801231975,0,0,-0.49109527471725073,0,0
1,1,1,1.4844531418745857,1,0,0.895993560684828,10,1
1,2,1,-0.05376994526668808,1,0,-0.12484966611715337,0,0
0,1,0,2.7150316115876048,0,1,0.5991736306380456,11,1
1,1,0,0.0,0,0,0.06632249221806229,12,0
1,2,1,-0.6690591801231975,0,0,-0.43676213497987365,0,0
0,3,0,-0.09222552244521992,0,0,-0.502581702925434,0,1
1,2,1,-1.8996376498362166,1,2,-0.08963374221329785,0,0
0,3,0,-1.4381707236938346,5,2,0.29572908222032107,0,0
0,3,0,-0.5921480257661339,0,0,-0.502581702925434,0,1
1,1,1,0.6384304439468851,0,0,0.9618131286303883,13,0
0,1,0,1.1768085244463309,1,0,1.0317418918109011,14,0
0,3,0,-1.9765488041932804,3,2,-0.08661523445011025,0,0
0,1,0,0.0,0,0,-0.09022134505786503,0,1
1,3,0,0.0,1,1,-0.34126057402963506,0,1
1,2,1,-0.05376994526668808,0,0,-0.43676213497987365,15,0
0,3,0,-0.8228814888373249,0,0,-0.4838850658402499,0,0
1,3,1,-0.9767037975514523,4,2,-0.48857985158126105,0,0
0,3,0,-0.2845034083378791,2,0,-0.4737388550789219,0,0
0,2,0,0.17696351780450298,0,0,-0.43676213497987365,0,0
0,3,1,-1.053614951908516,5,2,0.29572908222032107,0,0
0,2,0,-0.6690591801231975,0,0,0.8310111255589249,0,0
0,3,0,-0.2845034083378791,1,0,-0.3571902456652305,0,1
1,3,0,0.17696351780450298,0,0,0.48882906084695926,0,0
0,3,0,-0.3614145626949428,0,0,-0.49411378248043836,16,0
0,3,0,0.0,0,0,-0.4891674544258282,0,0
0,3,0,0.0,0,0,-0.48606442844527137,0,0
1,2,0,-2.2203571635051724,0,2,-0.06447951085340105,0,0
1,3,1,0.023141209090375606,0,0,-0.39701844943123665,0,0
0,3,0,-0.5921480257661339,0,0,-0.4669472126117498,0,0
1,3,0,-0.05376994526668808,0,0,-0.4568855200677911,0,0
1,3,1,0.0,0,0,-0.49134681703084965,0,2
0,1,0,-0.13068109962375177,0,0,0.2997537592379046,0,0
1,2,1,-0.9767037975514523,0,0,-0.43676213497987365,0,0
1,3,1,0.2538746721615667,3,0,-0.32910202475951533,0,0
0,3,0,-1.053614951908516,1,3,0.043683683994155176,0,0
0,3,0,0.0,0,0,-0.48606442844527137,0,0
1,1,1,-0.5152368714090703,3,2,4.644392599719279,8,0
0,3,0,-0.4383257170520065,0,0,-0.48606442844527137,0,0
0,3,0,-0.05376994526668808,0,0,-0.48606442844527137,0,0
0,3,0,-0.7459703344802613,0,0,-0.4900045872454856,0,0
0,1,0,1.2537196788033946,1,0,0.5829904043503424,17,0
0,3,0,-0.2845034083378791,1,2,-0.23401903021910547,0,0
0,3,0,2.2535646854452227,0,0,-0.5021631365156053,0,0
0,3,0,0.0,0,0,-0.48606442844527137,0,0
0,1,0,3.176498537729987,0,0,0.04930213311070178,18,1
1,1,0,-0.5152368714090703,0,1,0.6269257910127927,19,1
1,2,1,0.33078582651863037,0,1,-0.18521982138090567,0,0
0,2,0,0.33078582651863037,1,0,-0.12484966611715337,0,0
0,3,1,-0.13068109962375177,0,0,-0.4891674544258282,0,0
0,3,0,0.0,0,0,-0.4891674544258282,0,0
0,1,0,-0.6690591801231975,0,1,0.907228446579412,20,0
0,3,0,0.2538746721615667,0,0,-0.47390587917515165,0,0
0,3,0,0.5615192895898214,2,0,-0.48857985158126105,0,0
0,3,0,-0.13068109962375177,0,0,-0.4891674544258282,0,0
1,3,1,-0.6690591801231975,0,0,-0.49411378248043836,0,0
1,3,0,0.0,0,0,-0.4915983593444487,0,0
0,3,0,0.6384304439468851,0,0,-0.4891674544258282,0,0
1,3,1,0.0,1,0,-0.16207792852980066,0,2
0,1,0,1.3306308331604584,0,0,0.39835834616870003,21,0
0,3,1,-1.1689816834441116,1,0,-0.3571902456652305,0,1
0,3,0,-0.5921480257661339,0,0,-0.48606442844527137,0,0
0,3,1,-0.7459703344802613,1,0,-0.45034541991421795,0,0
0,3,1,-0.9767037975514523,0,0,-0.35710773978637,0,1
0,3,0,-0.6690591801231975,0,0,-0.48857985158126105,0,0
0,3,0,3.138042960551455,0,0,-0.49210144397164657,0,2
0,2,0,-0.05376994526668808,1,0,-0.22546659155674054,0,0
0,1,0,-0.4383257170520065,0,1,4.332898697266388,22,1
0,3,1,-2.1303711129074077,4,2,-0.01869880977838891,0,0
0,2,0,-0.6690591801231975,2,0,0.8310111255589249,0,0
0,3,0,0.0,0,0,-0.48606442844527137,0,0
0,2,0,0.21541909498303483,1,0,-0.04293139010125909,0,1
1,2,1,0.21541909498303483,0,0,-0.38645367226008004,23,0
0,1,0,1.8690089136599042,0,1,0.907228446579412,20,0
1,3,0,-1.3612595693367708,1,0,-0.4218366202601652,0,1
0,3,0,0.0,0,0,-0.49210144397164657,0,2
1,3,0,-0.4383257170520065,0,0,-0.5043424991206268,0,0
1,3,1,0.0,1,1,-0.1981329975918223,24,1
0,3,0,1.1768085244463309,0,0,-0.5076970674147826,0,0
0,3,0,0.2538746721615667,0,0,-0.4891674544258282,0,1
0,3,0,-0.7459703344802613,0,0,-0.5061878135331888,0,0
0,3,1,1.3306308331604584,1,0,-0.35626859462820387,0,0
1,2,1,-0.05376994526668808,1,0,-0.12484966611715337,0,0
0,2,0,-0.3614145626949428,0,0,-0.38645367226008004,0,0
0,2,0,-0.5152368714090703,0,0,-0.3452852510472186,0,1
1,1,1,-0.8228814888373249,0,2,-0.11914871112174634,25,0
0,1,0,0.5615192895898214,1,0,0.4204940697654092,2,0
0,3,0,-1.053614951908516,0,0,-0.4625864750631981,0,0
0,1,0,-0.4383257170520065,0,0,0.9457144205600544,26,1
0,3,1,0.0,0,2,-0.34126057402963506,0,1
1,3,1,-0.5921480257661339,0,0,-0.49210144397164657,0,0
1,3,1,-0.4383257170520065,1,0,-0.32910202475951533,0,0
0,3,0,-0.8228814888373249,0,0,-0.512224829059564,0,2
0,2,0,-0.8997926431943887,0,0,-0.4166387498919562,0,0
0,2,0,-0.8228814888373249,1,1,0.0914767235779591,0,0
1,3,0,-0.20759225398081546,0,0,-0.49117979293462,0,0
0,3,1,-1.5919930324079619,2,2,0.043683683994155176,0,0
0,2,0,0.5230637124112896,0,2,-0.12484966611715337,27,0
0,2,0,0.9460750613751399,0,0,-0.38645367226008004,0,0
0,2,0,1.6382754505887132,0,0,-0.39601228017684087,0,0
1,1,1,-0.5921480257661339,1,0,0.6921597684522944,28,0
0,3,0,1.9843756451954997,0,0,-0.48606442844527137,0,0
0,3,0,0.8307083298395443,0,2,-0.35626859462820387,0,0
0,3,0,0.0,0,0,-0.5009054249476105,0,0
0,1,0,1.6382754505887132,0,1,0.5870995995852952,0,1
1,3,1,-1.053614951908516,0,0,-0.4924375045026148,0,2
0,3,0,0.023141209090375606,0,0,-0.48606442844527137,0,0
0,3,0,0.0,0,0,-0.4737388550789219,0,0
0,3,0,0.0,8,2,0.751523754461651,0,0
0,3,0,1.0998973700892674,0,1,-0.32407117848753597,0,0
1,2,1,0.7922527526610125,0,0,-0.33111436326830707,0,0
0,3,0,-0.2845034083378791,0,0,-0.4915983593444487,0,0
0,3,0,-0.9767037975514523,0,0,-0.4737388550789219,0,0
0,3,0,-2.207282267264471,4,1,0.15058916727371655,0,0
1,3,0,-1.5919930324079619,0,2,-0.23502519947350137,0,0
1,1,1,0.0,0,1,0.4587285014324523,29,0
0,3,1,1.1768085244463309,1,4,-0.08661523445011025,0,0
0,1,0,0.0,0,0,-0.12635891999874715,0,0
0,3,0,-0.13068109962375177,0,0,0.48882906084695926,0,0
0,1,0,2.4073869941593498,0,0,0.026075722042227415,30,0
0,3,0,-1.9765488041932804,4,1,-0.061964087717411374,0,2
1,3,1,-2.207282267264471,1,1,-0.42401799520369554,0,0
0,3,0,-0.6690591801231975,0,0,-0.48857985158126105,0,0
0,1,0,2.0228312223740317,0,0,-0.03035427442131069,31,1
0,3,0,-0.8997926431943887,1,1,-0.4900045872454856,0,0
0,3,0,0.0,3,1,-0.13558146738453974,0,0
0,1,1,1.5613642962316494,0,0,-0.07026498406617734,32,1
0,2,0,0.023141209090375606,0,0,-0.38645367226008004,0,0
0,3,0,0.48460813523275775,0,0,-0.6480576784030068,0,0
0,3,1,0.0,8,2,0.751523754461651,0,0
0,2,0,0.0,0,0,-0.3452007328298493,0,1
0,3,0,-1.5919930324079619,4,2,-0.016434928955998185,0,0
1,2,0,-2.207282267264471,2,1,0.13675434002577333,33,0
1,3,1,-1.9765488041932804,0,2,-0.2048401218416252,0,0
0,1,0,0.0,0,0,0.35811157599286514,34,0
1,3,1,0.0,1,0,-0.3361452095402864,0,2
1,1,0,1.1768085244463309,0,0,-0.11378180431879875,0,0
0,3,0,0.7922527526610125,1,1,-0.3361452095402864,0,2
0,3,0,0.48460813523275775,0,0,-0.4891674544258282,0,0
1,2,1,0.17696351780450298,0,0,-0.38645367226008004,0,0
0,2,0,-0.8228814888373249,0,0,-0.38645367226008004,0,0
1,3,1,-0.8228814888373249,1,0,-0.4900045872454856,0,0
1,2,0,-2.053459958550344,1,1,-0.12484966611715337,27,0
1,1,1,1.0998973700892674,0,0,-0.09022134505786503,35,1
1,1,1,2.1766535310881587,0,0,2.300436803386727,36,1
0,3,0,0.0,0,0,-0.49210144397164657,0,2
0,3,0,0.9460750613751399,0,1,-0.478936725447131,0,0
1,3,1,0.0,0,0,-0.49210144397164657,0,2
0,2,1,-0.4383257170520065,0,0,-0.38645367226008004,0,0
0,3,0,-0.13068109962375177,0,0,-0.4568855200677911,0,0
0,3,0,0.0,8,2,0.751523754461651,0,0
0,3,0,0.33078582651863037,0,0,-0.5173401935489127,0,0
0,3,0,1.2152641016248629,0,0,-0.5026662211428032,0,1
1,3,0,-0.8997926431943887,0,0,-0.48606442844527137,0,0
0,3,1,-2.1303711129074077,0,1,-0.43751676192067057,4,0
0,3,0,0.17696351780450298,1,0,-0.32910202475951533,0,0
1,3,0,-0.2845034083378791,0,0,-0.26998958106375787,0,1
1,3,1,-1.053614951908516,0,0,-0.49210144397164657,0,2
1,1,0,0.7922527526610125,0,0,-0.024232740677566176,37,1
0,3,0,-0.4383257170520065,0,0,-0.5061878135331888,0,0
1,2,1,0.40769698087569406,0,0,-0.22546659155674054,0,0
0,3,0,-0.5921480257661339,0,0,-0.5021631365156053,0,0
0,2,0,0.023141209090375606,0,0,-0.38645367226008004,0,0
0,3,0,0.0,1,0,-0.49210144397164657,0,2
1,1,1,0.1000523634474393,1,0,1.6314187674308411,38,1
1,3,1,-0.20759225398081546,0,0,-0.48857985158126105,0,0
0,2,0,0.9460750613751399,1,0,-0.10472628102923592,0,0
1,1,1,0.17696351780450298,0,0,0.8871895797088641,39,1
0,2,0,0.023141209090375606,0,0,-0.43676213497987365,0,0
1,3,0,-1.053614951908516,0,0,-0.48606442844527137,0,0
0,2,0,-0.20759225398081546,0,0,-0.38645367226008004,0,0
0,3,0,1.6382754505887132,0,0,-0.48606442844527137,0,0
0,3,0,0.0,0,0,-0.4891674544258282,0,0
1,1,0,0.6384304439468851,1,0,1.1630469795095626,40,0
0,3,0,-0.5921480257661339,0,0,-0.45990402783097867,0,0
1,2,0,-0.8228814888373249,0,0,-0.43676213497987365,0,0
0,3,0,-0.7075147573017294,0,0,-0.5021631365156053,0,0
0,2,0,-0.8997926431943887,0,0,-0.38645367226008004,0,0
0,3,1,0.0,3,1,-0.13558146738453974,0,0
1,1,1,0.40769698087569406,1,0,1.0317418918109011,14,0
0,3,0,-0.05376994526668808,0,0,-0.4915983593444487,0,0
0,2,0,2.2535646854452227,0,0,-0.3763919797161213,0,0
1,3,1,-1.8996376498362166,4,2,-0.016434928955998185,0,0
0,2,0,-0.4383257170520065,0,0,-0.43676213497987365,0,0
0,3,1,0.0,0,0,-0.4961261209892301,0,0
0,2,0,1.0998973700892674,1,0,-0.12484966611715337,0,0
1,2,1,-1.6689041867650256,0,2,-0.11981881984517401,0,0
0,2,0,-0.8228814888373249,0,0,-0.43676213497987365,0,0
0,2,0,0.2538746721615667,0,0,-0.40104312644882023,0,0
0,3,1,0.0,1,0,-0.3571902456652305,0,1
1,3,1,0.0,1,0,-0.3361452095402864,0,2
0,2,0,-0.05376994526668808,0,0,-0.43676213497987365,0,0
0,3,0,-0.5921480257661339,0,0,-0.504678559651595,0,0
0,3,0,0.023141209090375606,0,0,-0.5026662211428032,0,1
0,1,0,1.0998973700892674,2,0,1.1630469795095626,41,2
0,3,1,-0.3614145626949428,0,0,-0.4915983593444487,0,0
1,2,1,-0.4383257170520065,0,2,-0.35626859462820387,0,0
1,1,0,0.5615192895898214,1,1,0.40951072618442386,42,0
0,2,0,1.8690089136599042,1,0,-0.12484966611715337,0,0
0,3,0,0.0,0,0,-0.5021631365156053,0,0
0,3,1,-0.05376994526668808,1,1,-0.43751676192067057,4,0
0,1,0,2.4842981485164137,0,0,-0.11378180431879875,43,0
0,3,0,0.023141209090375606,1,0,-0.32407117848753597,0,0
0,3,1,0.8691639070180762,0,2,-0.24131375731347557,0,0
1,3,1,-0.05376994526668808,0,2,-0.34126057402963506,0,1
1,1,1,0.0,0,0,0.9457144205600544,0,1
1,1,1,0.023141209090375606,0,0,1.0926151317018515,44,0
1,1,1,0.40769698087569406,0,0,9.661740104981664,0,1
1,2,1,1.5613642962316494,0,1,-0.12484966611715337,0,0
0,3,0,0.0,0,0,-0.49210144397164657,0,2
1,3,0,-2.053459958550344,4,2,-0.016434928955998185,0,0
0,1,0,1.7151866049457767,1,1,0.9547699438496172,45,0
0,1,0,0.7922527526610125,0,0,-0.6480576784030068,46,0
0,3,1,0.0,0,0,-0.49210144397164657,0,2
0,2,0,0.48460813523275775,0,0,-0.43676213497987365,0,0
0,3,0,-1.053614951908516,4,1,0.15058916727371655,0,0
1,3,0,-0.3614145626949428,1,0,-0.4915983593444487,0,0
1,1,1,2.1766535310881587,0,1,2.440127305651523,47,0
1,1,1,0.40769698087569406,0,0,2.081343448242025,48,0
0,1,0,0.0,0,0,-0.024232740677566176,0,0
1,3,0,-0.3614145626949428,0,0,-0.6480576784030068,0,0
1,2,1,0.8691639070180762,0,1,-0.2556516691886167,0,0
0,1,0,0.5615192895898214,0,1,-0.05039314129185886,49,1
1,3,1,0.0,0,0,-0.49210144397164657,0,2
1,1,1,2.5612093028734773,1,0,0.9207272132963871,50,0
0,3,1,1.1768085244463309,0,0,-0.49210144397164657,0,0
0,2,0,0.0,0,0,-0.6480576784030068,0,0
0,3,0,-1.7458153411220891,4,1,-0.061964087717411374,0,2
1,3,1,0.40769698087569406,1,1,-0.24055913037267862,0,0
0,3,0,2.7150316115876048,0,0,-0.49210144397164657,0,2
0,3,0,-0.13068109962375177,0,0,-0.4900045872454856,0,0
0,3,0,-1.053614951908516,0,0,-0.4568855200677911,0,0
1,3,0,-0.8228814888373249,0,0,-0.48606442844527137,0,0
0,1,0,0.0,0,0,-0.12484966611715337,51,0
0,3,0,0.2538746721615667,0,0,-0.4737388550789219,0,1
1,3,0,0.023141209090375606,0,0,-0.4568855200677911,0,0
0,3,0,-0.5921480257661339,0,0,-0.4891674544258282,0,0
1,2,0,0.9460750613751399,0,0,-0.38645367226008004,0,0
1,3,1,-0.5921480257661339,0,0,-0.49210144397164657,0,2
1,1,1,-0.2845034083378791,0,0,0.938671235779283,0,0
1,1,1,-0.8228814888373249,1,0,1.1847641366964432,52,1
0,2,0,0.48460813523275775,0,0,-0.3889690953960697,53,1
0,3,1,-0.4383257170520065,0,0,-0.4699657203749374,0,0
0,3,0,-0.4383257170520065,0,0,-0.4891674544258282,0,0
0,1,0,0.0,0,0,-0.09022134505786503,0,1
0,3,0,-0.4767812942305384,0,0,-0.502581702925434,0,1
0,1,1,-2.1303711129074077,1,2,2.401641331670881,54,0
1,1,0,0.0,0,0,-0.034294433221524895,55,0
1,1,1,1.5613642962316494,0,1,4.332898697266388,22,1
1,3,1,0.0,0,0,-0.49210144397164657,0,2
1,3,0,0.0,2,0,-0.1801889751089263,0,2
0,3,0,-0.8228814888373249,0,0,-0.6480576784030068,0,0
1,2,1,0.0,0,0,-0.39953387256722633,23,2
0,3,0,0.0,0,0,-0.48606442844527137,0,0
1,1,0,-2.213435159613036,1,2,2.401641331670881,54,0
1,1,1,0.0,0,0,1.583289667316069,0,1
1,1,1,-0.9767037975514523,1,0,1.5433789576712023,56,1
0,2,0,0.023141209090375606,1,0,-0.16509643629298823,0,1
1,1,1,0.023141209090375606,0,0,0.4975505359440627,57,1
1,1,1,-0.4383257170520065,0,0,1.0253688157535579,58,1
1,1,1,-0.8997926431943887,2,2,4.631815484039331,59,1
0,2,1,-0.2845034083378791,1,1,-0.12484966611715337,0,0
0,3,0,-0.13068109962375177,0,0,-0.4891674544258282,0,0
0,2,0,1.0229862157322036,1,1,-0.11981881984517401,0,0
1,3,1,-0.2845034083378791,0,0,-0.4900045872454856,0,0
1,2,1,-0.4383257170520065,1,0,-0.12484966611715337,0,0
0,2,0,1.8690089136599042,0,0,-0.3663302871721626,0,0
1,1,1,0.1000523634474393,0,2,2.669618413871151,60,0
1,1,1,0.7922527526610125,1,1,2.0585376159218884,61,1
0,3,0,-0.5921480257661339,0,0,-0.5021631365156053,0,0
0,3,0,-0.20759225398081546,0,0,-0.4891674544258282,0,0
1,2,1,0.023141209090375606,0,0,-0.39953387256722633,0,2
1,2,1,-0.5921480257661339,1,1,-0.06447951085340105,0,0
0,3,0,0.0,8,2,0.751523754461651,0,0
1,1,1,0.48460813523275775,0,0,2.081343448242025,62,1
0,3,0,2.4073869941593498,0,0,-0.5225380639171217,0,0
1,2,1,0.48460813523275775,0,0,-0.38645367226008004,53,0
1,3,1,0.1000523634474393,1,1,-0.23502519947350137,0,0
1,1,1,-1.053614951908516,0,1,0.518680090286376,63,1
1,3,1,0.0,2,0,-0.1801889751089263,0,2
0,1,0,1.2152641016248629,0,0,-0.07454120339735977,64,0
0,1,0,0.6384304439468851,0,1,2.440127305651523,65,0
0,3,0,-1.053614951908516,2,0,-0.28583674682049287,0,0
1,1,1,0.0,1,0,2.041432738597159,0,0
0,3,0,0.0,0,0,-0.4891674544258282,0,0
0,1,0,-0.05376994526668808,1,0,0.6921597684522944,28,0
1,1,1,0.8691639070180762,0,0,2.0585376159218884,66,1
1,3,0,1.1768085244463309,0,0,-0.48606442844527137,0,0
0,1,0,1.1768085244463309,0,0,0.06632249221806229,67,0
1,2,0,-2.1303711129074077,1,1,-0.12484966611715337,27,0
1,1,1,-0.4383257170520065,3,2,4.644392599719279,8,0
0,2,0,-0.13068109962375177,0,0,-0.38645367226008004,0,0
0,2,0,-0.3614145626949428,0,0,-0.38645367226008004,0,0
0,2,0,0.48460813523275775,0,0,-0.38645367226008004,0,0
1,2,1,-0.4383257170520065,0,0,-0.38645367226008004,15,0
1,2,1,0.7922527526610125,0,0,-0.38645367226008004,0,0
1,3,1,0.0,1,0,-0.32407117848753597,0,0
1,3,0,-2.053459958550344,1,1,-0.3280958555051195,0,0
0,3,0,0.9460750613751399,0,0,-0.4737388550789219,0,0
0,3,0,-0.5152368714090703,0,0,-0.46241945096696835,0,0
0,1,0,0.0,0,0,0.05626079967410357,68,0
0,3,0,-1.1305261062655798,1,1,-0.502581702925434,0,1
0,3,0,-0.3614145626949428,1,0,-0.28986142383807634,0,0
0,3,0,0.0,0,0,-0.5026662211428032,0,1
0,3,0,-0.13068109962375177,0,0,-0.4568855200677911,0,0
1,1,1,-0.5921480257661339,0,1,0.4587285014324523,29,0
0,2,1,0.6384304439468851,0,0,-0.38645367226008004,0,0
1,3,1,0.0,0,0,-0.4895015026182876,0,2
1,3,1,0.0,0,0,-0.4895015026182876,0,2
0,3,0,0.7922527526610125,1,4,-0.08661523445011025,0,0
0,2,0,-0.05376994526668808,1,0,-0.09022134505786503,0,1
0,3,1,1.1768085244463309,0,1,-0.3571902456652305,0,1
0,3,0,0.40769698087569406,0,0,-0.5061878135331888,0,0
0,3,0,0.0,1,0,-0.3361452095402864,0,2
0,3,0,0.023141209090375606,0,0,-0.5021631365156053,0,0
1,1,1,2.3304758398022862,1,0,0.8662270494627804,69,1
1,3,1,0.0,0,0,-0.502581702925434,0,1
1,3,1,0.0,0,0,-0.49210144397164657,0,2
1,1,1,-0.4383257170520065,0,0,0.7464929081896716,70,1
1,1,0,-0.3614145626949428,1,0,0.4676170006257854,71,1
0,3,0,-0.8997926431943887,1,0,-0.5173401935489127,0,0
0,3,0,-0.8228814888373249,0,0,-0.48606442844527137,0,0
0,1,0,-0.5921480257661339,0,0,2.081343448242025,0,1
0,3,1,-2.053459958550344,3,1,-0.22395733767514675,0,0
1,1,1,0.0,1,0,1.0054969729792393,0,1
1,3,1,-0.5921480257661339,0,0,-0.5021631365156053,0,0
0,1,0,-0.20759225398081546,0,2,3.6080382676915317,72,1
0,3,0,-0.7459703344802613,0,0,-0.5673125957377381,0,1
0,3,0,-0.8228814888373249,0,0,-0.4915983593444487,0,0
1,1,1,0.9460750613751399,0,0,3.930515513725408,0,1
1,3,1,-2.207282267264471,0,2,-0.3312813873645368,0,1
0,3,0,0.17696351780450298,0,0,-0.48857985158126105,0,0
1,1,1,0.40769698087569406,1,0,0.39835834616870003,0,0
0,3,0,0.0,0,0,-0.4891674544258282,0,0
0,2,0,-0.8997926431943887,0,0,0.8310111255589249,0,0
0,3,0,-2.207282267264471,5,2,0.29572908222032107,0,0
1,2,1,0.48460813523275775,0,0,-0.38645367226008004,0,0
0,3,0,0.0,0,0,-0.4925200103814753,0,2
1,2,1,-0.9767037975514523,0,0,-0.4065770573479975,0,1
1,1,0,0.48460813523275775,1,2,1.7667485321470857,0,0
1,3,0,-0.6690591801231975,0,0,-0.49117979293462,0,0
0,3,0,-0.13068109962375177,2,0,-0.48857985158126105,0,0
1,1,1,-0.5152368714090703,1,0,1.6314187674308411,38,1
1,3,1,-0.4383257170520065,0,2,-0.3119971474347855,4,0
0,3,0,-0.5921480257661339,0,0,-0.49117979293462,0,0
0,3,1,0.1000523634474393,0,0,-0.4900045872454856,0,0
0,2,0,1.2537196788033946,0,0,-0.12484966611715337,0,0
0,2,0,-0.5152368714090703,0,0,-0.43676213497987365,0,0
1,2,1,-0.13068109962375177,0,0,-0.3934968570408512,0,0
1,3,0,0.7153415983039488,0,0,-0.48857985158126105,0,0
0,3,0,-0.2845034083378791,0,0,-0.48606442844527137,0,0
0,3,1,-0.6690591801231975,1,0,-0.45034541991421795,0,0
0,3,0,-0.13068109962375177,1,0,-0.32910202475951533,0,0
0,3,1,-0.7459703344802613,0,0,-0.4737388550789219,0,0
0,2,0,0.33078582651863037,1,0,-0.22546659155674054,0,0
0,3,0,1.6382754505887132,0,0,-0.49210144397164657,0,0
1,2,0,-2.053459958550344,1,1,-0.2707442080045548,0,0
0,3,0,-0.6690591801231975,0,0,-0.4915983593444487,0,0
0,3,1,0.0,3,1,-0.13558146738453974,0,0
0,3,0,0.0,0,0,-0.4891674544258282,0,0
0,3,0,0.0,0,0,-0.5100454664545425,0,2
1,1,1,0.2538746721615667,1,0,1.1630469795095626,41,2
0,2,0,0.0,0,0,-0.6480576784030068,0,0
1,3,0,1.0998973700892674,0,0,-0.48857985158126105,0,0
0,3,1,0.0,0,0,-0.48606442844527137,0,0
1,2,1,0.33078582651863037,1,1,0.005952336954309979,0,0
1,2,1,-0.8997926431943887,0,2,-0.38645367226008004,0,0
0,2,0,0.023141209090375606,0,0,-0.38645367226008004,0,0
0,3,1,-1.5150818780508981,0,2,-0.16207792852980066,0,0
0,3,0,0.0,0,0,-0.4891674544258282,0,1
0,3,0,-0.6690591801231975,0,0,-0.4924375045026148,0,2
0,3,0,-0.05376994526668808,0,0,-0.4895860208356569,0,0
0,3,1,-0.13068109962375177,1,1,-0.35828093313699566,0,0
0,3,0,-0.8997926431943887,1,1,-0.24131375731347557,0,0
0,3,0,0.0,0,0,-0.5021631365156053,0,0
1,2,1,-0.13068109962375177,1,0,-0.12484966611715337,0,0
1,2,1,-0.8228814888373249,0,0,-0.12484966611715337,0,0
0,3,0,0.0,0,0,-0.49210144397164657,0,2
1,3,0,0.17696351780450298,0,0,-0.48606442844527137,73,0
1,1,0,-0.13068109962375177,0,0,-0.11378180431879875,12,0
1,3,1,0.0,1,0,-0.32407117848753597,0,0
1,2,1,0.9460750613751399,1,0,-0.12484966611715337,0,0
0,3,0,-0.9767037975514523,0,0,-0.504678559651595,0,0
0,1,0,1.5613642962316494,1,0,0.47683954801157796,74,0
1,1,1,-1.2074372606226433,1,2,1.7667485321470857,0,0
0,3,1,-0.6690591801231975,2,2,0.043683683994155176,0,0
1,2,1,-0.4383257170520065,2,3,-0.2707442080045548,0,0
0,1,0,2.6381204572305412,1,4,4.644392599719279,8,0
0,2,0,0.1000523634474393,0,0,-0.43676213497987365,0,0
1,2,1,1.1768085244463309,1,1,-0.11981881984517401,0,0
0,3,0,-0.7459703344802613,0,0,-0.4568855200677911,0,0
0,3,0,-0.3614145626949428,1,0,-0.4915983593444487,0,0
1,2,1,-0.13068109962375177,0,0,-0.38645367226008004,0,0
1,3,0,0.0,0,0,-0.4848067168772765,0,0
1,1,0,-1.9765488041932804,0,2,0.9992084151392652,75,0
1,2,1,-1.284348414979707,0,1,-0.2556516691886167,0,0
1,1,0,0.33078582651863037,0,0,-0.11378180431879875,0,0
1,3,1,-1.8996376498362166,2,1,-0.26051549136436636,0,1
1,1,0,1.7151866049457767,0,0,-0.034294433221524895,76,0
0,2,0,0.48460813523275775,1,2,-0.08963374221329785,0,0
0,3,0,0.0,1,0,-0.24626008536808563,0,0
0,1,0,0.023141209090375606,0,0,-0.08963374221329785,77,1
1,1,0,1.4844531418745857,1,0,1.1450204511478064,78,1
0,3,0,0.0,0,0,-0.48606442844527137,0,0
1,3,0,-0.05376994526668808,0,0,-0.4891674544258282,0,1
0,1,0,2.7150316115876048,0,0,-0.11378180431879875,79,0
1,1,1,0.0,1,0,0.3955913807191113,80,0
1,2,1,1.5613642962316494,0,0,-0.43676213497987365,0,0
0,3,0,0.0,0,0,-0.49210144397164657,0,2
1,1,0,1.407541987517522,0,0,-0.11378180431879875,81,0
0,3,0,0.33078582651863037,0,0,-0.48606442844527137,0,0
0,1,0,1.3306308331604584,0,0,0.1266926474818146,82,0
0,2,0,1.407541987517522,0,0,-0.38645367226008004,0,0
0,3,0,0.0,0,0,-0.48606442844527137,0,0
0,3,0,0.6384304439468851,0,0,-0.5061878135331888,0,0
0,2,0,0.0,0,0,-0.6480576784030068,0,0
0,1,0,2.0228312223740317,0,0,-0.11378180431879875,0,0
0,3,0,0.0,0,0,-0.4926045285988445,0,2
1,3,1,-2.2265100558537374,2,1,-0.26051549136436636,0,1
0,3,0,0.0,0,0,-0.5021631365156053,0,0
0,3,0,0.6384304439468851,0,0,-0.4737388550789219,0,0
1,2,1,0.2538746721615667,1,2,-0.08963374221329785,0,0
1,2,1,-0.5152368714090703,0,0,-0.3705219882859758,53,1
0,3,1,-0.5921480257661339,0,0,-0.450093877600619,0,0
0,1,0,0.0,0,0,0.39835834616870003,83,0
0,2,0,0.33078582651863037,1,0,-0.22546659155674054,0,0
0,3,0,-0.05376994526668808,1,0,-0.5062723317505581,0,0
0,3,0,-0.5921480257661339,0,0,-0.49671372383379725,0,0
1,3,1,-2.1303711129074077,0,1,-0.4007915841352212,0,0
0,3,0,-1.5919930324079619,5,2,0.29572908222032107,0,0
0,2,0,0.0,0,0,-0.6480576784030068,0,0
0,3,0,1.5613642962316494,0,0,-0.48606442844527137,0,0
1,3,1,2.5612093028734773,0,0,-0.45512472387259834,0,0
1,1,0,-0.3614145626949428,1,0,1.1847641366964432,52,1
0,3,1,0.0,3,1,-0.13558146738453974,0,0
1,1,1,0.40769698087569406,1,0,1.1630469795095626,40,0
0,1,0,2.1766535310881587,0,0,-0.05039314129185886,84,1
0,3,0,0.023141209090375606,0,0,-0.48606442844527137,0,0
1,3,0,-1.5919930324079619,1,1,-0.3280958555051195,0,0
0,3,0,0.0,1,0,-0.24626008536808563,0,0
0,3,0,-0.6690591801231975,0,0,-0.5021631365156053,0,0
0,1,0,1.945920068016968,0,0,-0.034294433221524895,85,0
0,1,0,3.176498537729987,0,0,0.34813440166627563,0,1
0,3,0,-0.6690591801231975,0,0,-0.48606442844527137,0,0
0,3,0,0.0,0,0,-0.35710773978637,0,1
1,1,1,1.8690089136599042,1,0,0.926933265257501,86,1
0,3,0,0.0,0,0,-0.3441945635754534,0,0
0,1,1,-0.3614145626949428,1,2,2.401641331670881,54,0
0,3,0,-0.4383257170520065,0,0,-0.49117979293462,0,0
0,3,0,-0.9767037975514523,0,0,-0.4737388550789219,0,0
0,3,1,-0.6690591801231975,0,0,-0.49210144397164657,0,2
0,3,1,0.0,0,0,-0.494532348890267,0,2
0,3,1,0.5615192895898214,0,0,-0.45512472387259834,0,0
1,1,1,-1.053614951908516,0,0,1.0926151317018515,87,0
0,1,0,-0.8997926431943887,1,0,1.5433789576712023,56,1
1,2,1,0.2538746721615667,0,2,-0.12484966611715337,0,0
1,1,0,0.0,0,0,-0.11378180431879875,0,0
0,3,0,-0.13068109962375177,0,0,-0.19477842929766648,0,0
1,3,0,-0.2845034083378791,0,0,0.48882906084695926,0,0
1,3,0,-0.05376994526668808,0,0,-0.49210144397164657,0,2
0,3,0,0.0,0,0,-0.48606442844527137,0,0
1,1,0,0.48460813523275775,0,0,-0.11906419290437707,88,0
1,1,1,1.8690089136599042,1,0,0.547271395819289,0,1
0,3,0,-0.4383257170520065,0,0,-0.4972168084609952,0,0
0,1,0,1.3306308331604584,0,0,0.03655598099601484,89,0
1,2,1,0.33078582651863037,0,0,-0.43676213497987365,15,0
0,3,0,0.0,0,0,-0.16207792852980066,0,2
1,2,1,0.48460813523275775,1,0,-0.12484966611715337,0,0
0,3,0,0.17696351780450298,0,0,-0.4891674544258282,0,0
1,1,1,0.023141209090375606,0,0,1.2334788273172737,90,0
0,3,0,-0.5921480257661339,0,0,-0.4891674544258282,0,0
0,3,0,0.0,0,0,-0.5026662211428032,0,1
1,1,1,1.0998973700892674,0,1,0.518680090286376,63,1
0,3,0,0.0,0,0,-0.502581702925434,0,1
0,3,0,0.8307083298395443,0,0,-0.49210144397164657,0,2
1,2,1,1.5613642962316494,0,0,-0.43676213497987365,0,0
0,1,0,0.0,0,0,3.8148905676872524,91,0
0,3,0,0.7153415983039488,0,0,-0.48857985158126105,0,0
0,2,0,-0.5152368714090703,2,1,-0.4166387498919562,0,0
1,2,1,-2.1303711129074077,1,1,-0.12484966611715337,0,0
0,3,0,0.0,0,0,-0.502581702925434,0,1
0,3,0,-0.9767037975514523,1,1,-0.502581702925434,0,1
1,3,1,0.0,0,2,-0.1981329975918223,0,1
0,3,1,0.023141209090375606,0,0,-0.4737388550789219,0,0
1,2,1,-1.7458153411220891,0,2,-0.11981881984517401,0,0
0,1,0,1.1768085244463309,0,0,-0.11378180431879875,92,0
1,1,1,0.023141209090375606,0,0,1.4935735795786065,0,1
0,3,0,0.0,0,0,-0.35626859462820387,0,0
1,1,1,-0.5921480257661339,0,2,0.3480498834489064,93,1
1,1,1,0.48460813523275775,0,2,0.7807026628391313,94,0
0,3,1,-1.5919930324079619,4,2,-0.01869880977838891,0,0
0,3,1,-1.4381707236938346,4,2,-0.01869880977838891,0,0
1,2,0,0.17696351780450298,1,0,-0.12484966611715337,0,0
0,1,0,1.5613642962316494,1,0,1.4935735795786065,95,1
0,1,0,2.6381204572305412,0,0,-0.12484966611715337,0,0
1,2,1,-0.8228814888373249,1,0,-0.12484966611715337,0,0
1,2,0,0.0,0,0,-0.36909725262175125,0,1
0,3,0,0.2538746721615667,1,1,-0.23502519947350137,0,0
1,2,0,-1.6689041867650256,1,1,0.0914767235779591,0,0
1,1,0,-0.9767037975514523,0,2,1.583289667316069,96,1
0,2,0,-0.20759225398081546,0,0,-0.12484966611715337,0,0
0,3,0,0.0,0,0,-0.4905076718726835,0,2
1,3,0,-0.5921480257661339,0,0,-0.5026662211428032,0,1
1,3,1,-0.5921480257661339,0,0,-0.4915983593444487,0,0
0,1,0,2.4842981485164137,0,0,-0.11378180431879875,0,0
1,1,1,1.407541987517522,1,0,0.1488283710785238,97,1
0,1,0,0.0,0,0,3.930515513725408,0,1
1,1,1,0.7153415983039488,1,1,0.9547699438496172,45,0
1,3,1,0.48460813523275775,1,0,-0.2979107778732433,0,0
0,3,0,0.0,0,0,-0.49210144397164657,0,2
0,3,0,0.7922527526610125,0,0,-0.4891674544258282,0,0
0,2,0,-0.13068109962375177,0,0,-0.3763919797161213,0,0
0,3,0,0.0,0,0,-0.48606442844527137,0,0
0,3,1,0.0,0,0,-0.48606442844527137,0,0
0,3,0,-0.4383257170520065,2,0,-0.16207792852980066,0,0
0,3,0,-0.8228814888373249,0,0,-0.4891674544258282,0,0
0,3,1,-0.05376994526668808,0,4,-0.22395733767514675,0,0
0,3,0,0.0,0,0,-0.502581702925434,0,1
1,3,0,0.17696351780450298,0,0,-0.4900045872454856,0,0
1,2,0,2.4842981485164137,0,0,-0.43676213497987365,0,0
1,1,1,1.7920977593028404,2,0,0.38787808721491257,98,0
1,1,0,0.48460813523275775,0,0,-0.11705185439558537,88,0
1,3,1,0.0,0,0,-0.49210144397164657,0,2
0,3,0,-1.053614951908516,0,0,-0.48606442844527137,0,0
0,3,0,-0.8228814888373249,0,0,-0.35626859462820387,0,0
1,2,1,0.33078582651863037,0,0,-0.38645367226008004,0,0
1,1,1,0.7153415983039488,1,0,0.47683954801157796,74,0
0,3,1,0.0,1,0,-0.35710773978637,0,1
1,3,0,0.17696351780450298,0,0,-0.48857985158126105,0,0
1,2,1,-0.3614145626949428,1,1,-0.04435612576548362,0,0
1,1,1,0.7153415983039488,1,1,1.583289667316069,99,1
0,2,0,1.8690089136599042,0,0,-0.12484966611715337,0,0
0,1,0,0.48460813523275775,0,0,0.15939314824968043,100,1
0,3,0,0.0,0,0,-0.4727326858245261,0,1
1,1,1,-0.8997926431943887,0,2,0.9547699438496172,101,0
0,2,0,1.3306308331604584,0,0,-0.34620690208424515,0,0
1,1,0,2.3304758398022862,1,1,0.9457144205600544,102,1
0,3,0,-0.5921480257661339,0,0,-0.48606442844527137,0,0
0,3,0,0.0,0,0,-0.48606442844527137,0,0
0,3,0,0.40769698087569406,0,0,-0.504678559651595,0,0
1,1,1,1.7151866049457767,1,0,0.926933265257501,86,1
0,3,0,1.3306308331604584,0,0,-0.5021631365156053,0,0
0,3,1,0.0,0,2,-0.49210144397164657,0,2
0,2,0,0.5615192895898214,1,0,-0.12484966611715337,0,0
0,3,0,0.48460813523275775,1,1,-0.16207792852980066,0,0
1,2,1,0.0,0,0,0.016014029498268696,0,0
0,3,0,1.4844531418745857,0,0,-0.6480576784030068,0,0
0,3,0,0.0,0,0,-0.5026662211428032,0,1
1,1,0,1.4844531418745857,1,0,0.4975505359440627,103,1
1,2,1,-0.4383257170520065,2,1,-0.10472628102923592,0,0
0,3,0,0.0,0,0,-0.4891674544258282,0,0
0,1,0,0.0,0,0,0.20517384932469257,0,0
0,3,0,1.0998973700892674,0,0,-0.48606442844527137,0,0
1,1,0,0.40769698087569406,0,0,-0.11378180431879875,0,1
0,3,0,0.48460813523275775,1,0,-0.3351390402858906,0,0
0,3,0,0.023141209090375606,0,0,-0.4891674544258282,0,0
1,1,0,-0.20759225398081546,0,0,-0.034294433221524895,0,0
1,2,1,-0.5921480257661339,1,2,0.18865657484452997,0,1
1,1,1,0.7922527526610125,0,0,2.440127305651523,47,0
0,3,1,0.7153415983039488,1,5,-0.01869880977838891,0,0
0,3,0,0.0,0,0,-0.5061878135331888,0,0
1,3,1,0.0,1,0,-0.3361452095402864,0,2
0,3,0,0.0,0,0,-0.49210144397164657,0,2
0,3,0,0.40769698087569406,0,0,-0.48606442844527137,0,0
1,2,1,-0.4383257170520065,1,2,0.6599623523116267,0,0
0,3,0,0.33078582651863037,1,1,-0.35828093313699566,0,0
0,3,1,-0.2845034083378791,1,0,-0.32407117848753597,0,0
1,2,1,-1.9765488041932804,2,1,0.13675434002577333,33,0
0,2,0,-0.2845034083378791,0,0,-0.43676213497987365,0,0
0,3,0,-0.20759225398081546,1,0,-0.3571902456652305,0,1
1,1,0,0.9460750613751399,1,0,0.40951072618442386,104,0
1,3,0,-0.7459703344802613,1,1,-0.3312813873645368,0,1
0,3,0,-0.6690591801231975,0,0,-0.4900045872454856,0,0
0,3,0,-0.6690591801231975,0,0,-0.32407117848753597,0,0
0,1,0,2.4073869941593498,0,0,0.002346226346555142,105,0
0,2,0,2.099742376731095,0,0,-0.39953387256722633,0,2
1,1,1,-0.6690591801231975,0,0,0.9207272132963871,106,0
0,3,0,-0.2845034083378791,0,0,-0.4891674544258282,0,0
0,3,0,0.0,0,0,-0.4924375045026148,0,2
1,1,0,3.86869892694356,0,0,-0.04435612576548362,107,0
0,3,0,1.6382754505887132,0,0,-0.5061032953158195,0,0
1,1,0,0.17696351780450298,0,0,-0.034294433221524895,108,1
0,1,0,0.0,0,0,-0.6480576784030068,0,0
0,3,1,-1.5919930324079619,3,2,-0.08661523445011025,0,0
1,2,1,-0.13068109962375177,0,0,-0.38645367226008004,0,0
0,3,0,0.17696351780450298,0,0,-0.48857985158126105,0,0
0,2,0,0.1000523634474393,1,1,-0.11981881984517401,0,0
0,3,1,0.8691639070180762,0,5,0.15058916727371655,0,0
0,3,0,0.0,1,0,-0.32407117848753597,0,0
0,3,0,-0.7459703344802613,0,0,-0.4900045872454856,0,0
1,1,1,-0.4383257170520065,0,0,0.7464929081896716,70,1
0,3,1,-2.1303711129074077,3,2,-0.08661523445011025,0,0
1,3,0,0.0,0,0,0.48882906084695926,0,0
1,3,1,-2.2265100558537374,2,1,-0.26051549136436636,0,1
1,1,0,1.407541987517522,1,0,0.895993560684828,10,1
0,3,0,-0.8228814888373249,0,0,-0.4891674544258282,0,0
1,1,0,2.0228312223740317,0,0,0.06632249221806229,109,1
0,3,0,0.0,0,0,-0.4961261209892301,0,0
1,3,1,-0.5152368714090703,0,0,-0.4961261209892301,0,0
0,3,0,0.0,0,0,-0.4891674544258282,0,0
1,2,1,-0.8997926431943887,0,1,-0.18521982138090567,0,0
0,3,0,-0.6690591801231975,0,0,-0.4783511349410726,0,0
1,3,1,0.0,0,0,-0.4905076718726835,0,2
0,3,1,-0.8997926431943887,0,0,-0.512224829059564,0,2
0,2,0,-0.4383257170520065,2,0,0.8310111255589249,0,0
0,3,0,0.0,0,0,-0.4891674544258282,0,0
0,3,1,0.17696351780450298,1,1,-0.3361452095402864,0,2
0,2,0,-0.5152368714090703,0,0,-0.38645367226008004,0,0
0,1,0,2.1766535310881587,0,2,1.6314187674308411,110,1
1,1,0,1.5613642962316494,2,0,2.041432738597159,0,0
0,3,0,0.7922527526610125,0,0,-0.5026662211428032,0,1
0,1,0,1.3306308331604584,0,0,-0.13315056246591933,111,0
0,3,0,0.48460813523275775,0,0,-0.4972168084609952,0,0
1,3,0,-0.7459703344802613,1,0,-0.48857985158126105,0,0
0,2,0,0.17696351780450298,2,0,0.8310111255589249,0,0
0,2,0,-0.3614145626949428,0,0,-0.38645367226008004,0,0
0,3,0,0.0,0,0,-0.4915983593444487,0,0
0,3,0,1.0229862157322036,0,0,-0.48606442844527137,0,0
1,1,1,0.0,1,0,0.39835834616870003,112,0
1,2,1,0.7922527526610125,1,1,0.13675434002577333,0,0
0,1,0,0.1000523634474393,1,0,0.39835834616870003,113,0
0,2,0,3.0995873833729233,0,0,-0.43676213497987365,0,0
1,2,0,0.1000523634474393,0,0,-0.38645367226008004,0,0
0,2,0,0.0,0,0,-0.6480576784030068,0,0
0,3,0,-0.8997926431943887,0,0,-0.4915983593444487,0,0
0,3,0,-0.3998701398734747,0,0,-0.48606442844527137,0,0
1,3,1,-0.8997926431943887,0,0,-0.4500093593832497,0,0
0,3,1,1.0229862157322036,1,6,0.29572908222032107,0,0
1,1,0,0.48460813523275775,0,1,9.661740104981664,114,1
0,3,1,0.0,0,0,-0.4843036322500786,0,2
1,1,0,-0.20759225398081546,0,0,0.895993560684828,115,1
0,3,0,-0.7459703344802613,0,0,-0.46241945096696835,0,0
0,3,0,-1.2074372606226433,5,2,0.29572908222032107,0,0
0,2,0,2.3304758398022862,1,1,0.13675434002577333,0,0
0,2,0,-0.3614145626949428,1,2,0.18865657484452997,0,1
0,3,0,-1.2074372606226433,4,1,0.15058916727371655,0,0
0,3,0,-0.8228814888373249,0,0,-0.44338675335081607,0,0
0,3,0,-0.8997926431943887,0,0,-0.49117979293462,0,0
1,1,1,-1.1305261062655798,0,1,3.6047682176147444,116,0
1,1,0,0.1000523634474393,1,0,0.4989752716082872,117,0
1,3,1,-1.9765488041932804,0,1,-0.37806825769394486,0,1
1,3,0,0.0,0,0,0.48882906084695926,0,0
0,3,0,-0.3614145626949428,0,0,-0.5026662211428032,0,1
0,1,0,2.3304758398022862,0,0,-0.11378180431879875,0,0
0,2,0,1.7151866049457767,0,0,-0.3763919797161213,0,0
0,3,0,1.0998973700892674,0,0,-0.48606442844527137,0,0
1,3,1,0.0,0,0,-0.4924375045026148,0,2
0,1,0,1.4844531418745857,1,1,1.583289667316069,99,1
0,3,0,0.9460750613751399,0,0,-0.49411378248043836,118,0
1,1,1,-0.8997926431943887,1,0,3.930515513725408,119,1
1,1,0,0.40769698087569406,0,0,-0.11906419290437707,120,0
0,3,1,-0.8997926431943887,0,1,-0.3571902456652305,0,1
0,3,0,-0.3614145626949428,0,0,-0.4922684680678763,0,2
0,3,0,-0.2845034083378791,1,0,-0.4900045872454856,0,0
0,2,0,0.7153415983039488,0,0,-0.12484966611715337,0,0
1,2,1,1.1768085244463309,0,0,-0.3763919797161213,0,0
1,1,0,0.9460750613751399,0,0,-0.11906419290437707,120,0
1,1,1,-0.5921480257661339,0,0,2.401641331670881,0,0
1,3,0,0.0,1,1,-0.34126057402963506,0,1
1,1,1,-0.4383257170520065,0,0,0.34813440166627563,121,1
0,1,0,0.0,0,0,-0.11378180431879875,64,0
1,1,0,1.407541987517522,1,0,0.39835834616870003,112,0
0,3,0,-0.05376994526668808,0,0,-0.4572215805987593,0,0
0,2,0,1.7151866049457767,0,0,-0.38645367226008004,0,0
0,3,0,-0.8228814888373249,0,0,-0.49411378248043836,16,0
1,1,1,0.6384304439468851,0,0,3.930515513725408,122,1
1,2,1,-0.20759225398081546,0,0,-0.43676213497987365,23,0
0,3,0,0.0,0,0,-0.3361452095402864,0,2
0,3,0,0.2538746721615667,0,0,-0.4915983593444487,0,0
1,2,1,-1.8227264954791529,0,1,0.016014029498268696,0,0
0,3,0,-0.9767037975514523,1,0,-0.5061032953158195,0,0
0,2,0,0.33078582651863037,0,0,-0.38645367226008004,0,0
0,2,0,1.5613642962316494,0,0,-0.38645367226008004,0,0
1,1,0,-0.20759225398081546,1,0,0.4204940697654092,123,0
0,3,0,-0.7459703344802613,0,0,-0.4737388550789219,0,0
1,2,1,0.023141209090375606,3,0,-0.22546659155674054,0,0
1,3,1,0.0,0,0,-0.49235298628524554,0,2
0,2,0,-0.3614145626949428,1,0,-0.12484966611715337,0,0
0,3,1,-0.3614145626949428,1,0,-0.48857985158126105,0,0
1,1,1,-0.05376994526668808,0,0,3.6047682176147444,116,0
0,3,0,-1.4381707236938346,0,0,-0.26998958106375787,0,1
0,2,0,0.0,0,0,-0.6480576784030068,0,0
0,2,0,-0.5152368714090703,0,0,-0.38645367226008004,0,0
0,2,0,-0.5152368714090703,0,0,-0.38645367226008004,0,0
0,3,0,-0.09222552244521992,0,0,-0.32407117848753597,0,0
0,3,1,1.407541987517522,1,3,0.043683683994155176,0,0
1,1,0,0.40769698087569406,0,0,9.661740104981664,124,1
0,3,0,0.0,0,0,-0.4891674544258282,0,0
0,3,0,0.0,0,0,-0.4891674544258282,0,0
1,1,0,0.0,0,0,-0.04435612576548362,125,0
0,1,0,0.48460813523275775,1,0,0.938671235779283,126,0
1,1,1,-0.6690591801231975,2,2,4.631815484039331,59,1
0,3,0,-0.4383257170520065,1,0,-0.32407117848753597,0,0
1,3,0,0.1000523634474393,0,0,-0.48857985158126105,0,0
0,1,0,3.0995873833729233,1,1,0.7807026628391313,94,0
0,3,0,-1.053614951908516,1,1,-0.24055913037267862,0,0
1,2,1,0.023141209090375606,0,0,-0.38645367226008004,0,0
0,1,0,-0.8228814888373249,1,0,0.4204940697654092,127,0
0,3,0,0.1000523634474393,0,0,-0.49210144397164657,0,2
1,2,1,-1.9765488041932804,1,1,-0.18521982138090567,0,0
1,3,0,-1.8227264954791529,0,1,-0.39701844943123665,128,0
0,3,0,0.2538746721615667,0,0,-0.4568855200677911,0,0
0,3,0,-0.5152368714090703,0,0,-0.4891674544258282,0,0
1,2,1,1.407541987517522,1,2,0.6599623523116267,0,0
1,2,0,-2.2326629482023024,1,1,-0.35626859462820387,0,0
0,3,0,-0.13068109962375177,0,0,-0.49117979293462,0,0
0,2,0,-0.8997926431943887,0,0,-0.4166387498919562,0,0
0,3,0,0.33078582651863037,0,0,-0.48606442844527137,0,0
1,1,1,0.2538746721615667,0,0,1.0926151317018515,44,0
0,3,0,0.0,0,0,-0.35626859462820387,0,0
0,3,0,0.8691639070180762,0,0,-0.504678559651595,0,0
1,3,0,-0.7459703344802613,0,0,-0.502581702925434,0,1
1,1,1,0.48460813523275775,1,2,1.7667485321470857,0,0
0,3,0,-1.053614951908516,0,0,-0.4915983593444487,0,0
1,1,1,1.6382754505887132,1,0,0.9207272132963871,129,0
0,1,0,0.0,0,0,0.1488283710785238,0,1
0,3,1,0.06159678626890745,0,0,-0.49210144397164657,0,2
0,3,0,0.0,1,0,-0.16207792852980066,0,2
0,3,0,0.17696351780450298,0,0,-0.47977587060529714,0,0
0,3,0,-0.4383257170520065,0,0,-0.4568855200677911,0,0
0,3,0,1.407541987517522,0,0,-0.4900045872454856,0,0
0,2,1,2.099742376731095,0,0,-0.43676213497987365,130,0
0,3,0,0.0,0,0,-0.5026662211428032,0,1
1,2,1,1.8690089136599042,1,3,-0.18521982138090567,0,0
0,3,0,-0.8997926431943887,0,0,-0.49210144397164657,0,0
0,3,0,0.0,0,0,-0.49210144397164657,131,2
1,3,1,-1.8996376498362166,0,0,-0.39701844943123665,0,0
0,3,0,0.0,0,0,-0.49235298628524554,0,2
1,1,1,1.0229862157322036,0,1,3.6047682176147444,132,0
1,3,1,-1.284348414979707,0,0,-0.502581702925434,0,1
1,1,1,-0.9767037975514523,1,0,0.4989752716082872,117,0
0,1,0,-0.05376994526668808,0,0,-0.04435612576548362,133,0
0,3,0,0.0,1,2,-0.17616429809134285,0,0
0,3,0,-0.3614145626949428,0,0,-0.5061878135331888,0,0
0,3,0,-0.3614145626949428,0,0,-0.5021631365156053,0,0
1,3,1,-0.8997926431943887,0,0,-0.4972168084609952,0,0
0,3,0,-1.6689041867650256,4,1,-0.061964087717411374,0,2
1,3,0,-2.207282267264471,1,2,-0.23401903021910547,0,0
0,1,0,1.2537196788033946,0,0,0.9457144205600544,134,1
0,3,0,0.0,0,0,-0.49210144397164657,0,2
0,2,0,-1.053614951908516,0,0,-0.12484966611715337,0,0
0,3,1,0.0,8,2,0.751523754461651,0,0
0,1,0,0.0,0,0,-0.03035427442131069,0,1
0,3,0,-0.3614145626949428,0,0,-0.4891674544258282,0,0
0,2,0,0.7153415983039488,0,0,-0.38645367226008004,0,0
1,1,1,1.4844531418745857,0,0,-0.1262744017813779,135,0
1,3,1,0.1000523634474393,0,0,-0.47332028866909326,0,0
0,3,0,0.023141209090375606,0,0,-0.502581702925434,0,1
0,3,1,0.023141209090375606,1,1,-0.16207792852980066,0,0
0,2,0,0.33078582651863037,0,0,-0.38645367226008004,0,0
1,2,1,0.1000523634474393,1,1,-0.11981881984517401,0,0
1,1,0,-1.4381707236938346,1,2,1.7667485321470857,0,0
1,3,0,-2.251890736791568,0,1,-0.4766728446247403,0,1
1,3,0,-0.20759225398081546,0,0,-0.5076970674147826,0,0
0,3,0,0.1000523634474393,0,0,-0.4915983593444487,0,0
0,1,0,0.7153415983039488,0,0,-0.6480576784030068,136,0
0,3,1,-0.8997926431943887,0,0,-0.4915983593444487,0,0
0,2,0,0.7153415983039488,0,0,-0.38645367226008004,0,0
1,1,1,0.2538746721615667,1,0,0.4204940697654092,123,0
0,3,0,-0.2845034083378791,0,0,-0.48933447852205797,0,0
0,3,0,0.7153415983039488,0,0,-0.16207792852980066,0,0
0,2,0,0.40769698087569406,0,0,-0.43676213497987365,0,0
0,3,1,-1.8227264954791529,4,2,-0.01869880977838891,0,0
0,3,0,0.06159678626890745,0,0,-0.48606442844527137,0,0
0,1,0,0.0,0,0,-0.6480576784030068,137,0
0,3,1,-0.5152368714090703,0,0,-0.48857985158126105,0,0
0,2,0,0.1000523634474393,1,1,0.09659208806730764,0,1
0,3,0,1.0229862157322036,0,0,-0.5182618445859393,0,0
0,3,0,-1.5150818780508981,3,2,-0.08661523445011025,0,0
1,1,1,1.7151866049457767,1,1,1.2334788273172737,138,0
1,3,0,-0.20759225398081546,0,0,-0.4737388550789219,0,0
0,1,0,0.6384304439468851,0,0,-0.6480576784030068,0,0
1,3,1,-0.20759225398081546,0,1,-0.39701844943123665,128,0
0,3,0,-2.1303711129074077,4,1,0.15058916727371655,0,0
0,3,0,0.0,0,0,-0.5082001520419805,0,2
0,3,0,0.0,0,0,0.48882906084695926,0,0
1,2,0,-2.207282267264471,0,2,0.09659208806730764,0,1
1,3,0,0.0,0,0,-0.49210144397164657,0,2
1,1,1,2.4842981485164137,0,0,0.9618131286303883,13,0
1,3,1,-1.1305261062655798,1,0,-0.3571902456652305,0,1
1,2,0,-2.2203571635051724,1,1,-0.2707442080045548,0,0
0,3,0,0.0,0,0,-0.502581702925434,0,1
0,3,0,-0.5152368714090703,0,0,-0.4900045872454856,0,0
0,3,0,-0.8997926431943887,0,0,-0.481033582173292,0,0
1,1,1,0.7153415983039488,1,1,1.0253688157535579,139,1
0,3,0,-0.6690591801231975,0,0,-0.4737388550789219,0,0
0,3,0,0.0,0,0,-0.48606442844527137,0,0
1,3,0,0.17696351780450298,0,0,0.48882906084695926,0,0
1,1,0,0.0,0,0,-0.05039314129185886,140,1
0,3,0,-0.7459703344802613,0,0,-0.48857985158126105,0,0
0,2,0,-1.053614951908516,0,0,-0.43676213497987365,0,0
1,1,1,0.023141209090375606,0,0,-0.024232740677566176,0,1
0,3,0,0.3692414036971622,0,0,-0.5185133868995382,0,1
0,3,0,-0.9767037975514523,0,0,-0.4737388550789219,0,0
0,3,0,0.9460750613751399,0,0,-0.4961261209892301,0,0
0,3,0,0.0,8,2,0.751523754461651,0,0
0,3,0,0.40769698087569406,0,0,-0.4891674544258282,0,1
0,2,0,-0.13068109962375177,0,1,0.016014029498268696,0,0
1,1,1,0.0,1,0,1.1450204511478064,78,1
0,3,0,-1.9765488041932804,4,2,-0.01869880977838891,0,0
0,3,0,3.407232000801178,0,0,-0.4915983593444487,0,0
0,3,1,-1.5919930324079619,1,1,-0.34126057402963506,0,1
1,1,1,-1.053614951908516,0,1,0.14480369406094026,141,0
0,2,1,1.0998973700892674,1,0,-0.12484966611715337,0,0
1,3,1,-0.8997926431943887,0,1,-0.45990402783097867,0,0
1,1,1,1.1768085244463309,1,1,2.669618413871151,0,0
1,1,0,1.6382754505887132,0,0,-0.11378180431879875,142,0
1,3,1,-0.4383257170520065,0,3,-0.26051549136436636,0,1
0,3,0,0.0,0,0,-0.502581702925434,0,1
0,3,0,0.8691639070180762,2,0,-0.36415092456714115,0,0
0,2,0,-0.6690591801231975,1,0,-0.4166387498919562,0,0
1,1,1,1.407541987517522,0,0,-0.1262744017813779,135,0
0,3,1,0.0,8,2,0.751523754461651,0,0
0,2,0,-0.4383257170520065,0,0,-0.38645367226008004,0,0
1,2,1,0.9460750613751399,0,0,-0.38645367226008004,0,0
1,2,1,-0.20759225398081546,1,0,-0.3691817708391205,0,1
0,1,0,0.1000523634474393,0,0,0.36808875031945465,143,0
0,3,0,0.0,0,0,-0.4568855200677911,0,0
1,3,0,-1.9765488041932804,1,1,-0.42401799520369554,0,0
0,3,0,-0.2845034083378791,0,0,-0.4891674544258282,0,0
1,1,1,1.3306308331604584,1,1,0.40951072618442386,42,0
0,1,0,0.2538746721615667,0,0,-0.5474407529634195,114,0
0,3,0,1.3306308331604584,0,0,-0.4669472126117498,0,0
1,2,1,-0.13068109962375177,1,0,-0.16509643629298823,0,1
1,3,1,-1.1305261062655798,0,0,-0.5026662211428032,0,1
0,3,0,-0.7459703344802613,0,0,-0.4499268535043892,0,0
0,3,0,-0.8228814888373249,0,0,-0.4891674544258282,0,0
0,3,0,0.0,0,0,-0.4891674544258282,0,0
1,1,1,2.0228312223740317,0,1,1.0253688157535579,144,1
1,2,1,-0.3614145626949428,0,1,-0.12484966611715337,0,0
0,3,0,0.2538746721615667,0,0,-0.4891674544258282,0,0
0,3,1,-0.5921480257661339,0,0,-0.4364260744489054,0,0
0,2,0,-0.13068109962375177,0,0,-0.43676213497987365,0,0
0,3,0,-0.3614145626949428,0,0,-0.5061878135331888,0,0
0,3,1,0.7153415983039488,0,5,-0.061964087717411374,0,2
0,2,0,-0.20759225398081546,0,0,-0.38645367226008004,0,0
1,1,1,-0.8228814888373249,0,0,-0.04435612576548362,145,0
0,3,1,0.0,1,2,-0.17616429809134285,0,0
1,1,0,-0.2845034083378791,0,0,-0.04435612576548362,146,1
0,3,0,0.17696351780450298,0,0,-0.49210144397164657,0,2
